name,office_sought,party_affiliation,office_level,district_type,body_text,total_emails_sent
Aaron Godfrey,U.S. House Ohio District 16,Democratic Party,Federal,Congress,42,42
Aaron Swisher,U.S. House Idaho District 2,Democratic Party,Federal,Congress,17,17
Abby Broyles,U.S. Senate Oklahoma,Democratic Party,Federal,State,306,306
Abigail Spanberger,U.S. House Virginia District 7,Democratic Party,Federal,Congress,478,478
Adair Boroughs,U.S. House South Carolina District 2,Democratic Party,Federal,Congress,1090,1090
Adam Bolanos Scow,U.S. House California District 20,Democratic Party,Federal,Congress,22,22
Adam Christensen,U.S. House Florida District 3,Democratic Party,Federal,Congress,41,41
Adam Hattersley,U.S. House Florida District 15,Democratic Party,Federal,Congress,118,137
Adam Schiff,U.S. House California District 28,Democratic Party,Federal,Congress,38,38
Adrienne Bell,U.S. House Texas District 14,Democratic Party,Federal,Congress,99,99
Adrienne Bennett,U.S. House Maine District 2,Republican Party,Federal,Congress,59,59
Adrienne Vallejo Foster,U.S. House Kansas District 3,Republican Party,Federal,Congress,116,116
Al Green,U.S. House Texas District 9,Democratic Party,Federal,Congress,1256,1257
Al Gross,U.S. Senate Alaska,Independent,Federal,State,287,287
Alaina Shearer,U.S. House Ohio District 12,Democratic Party,Federal,Congress,108,108
Alan Cohn,U.S. House Florida District 15,Democratic Party,Federal,Congress,314,314
Albert Lee,U.S. House Oregon District 3,Democratic Party,Federal,Congress,29,29
Alek Skarlatos,U.S. House Oregon District 4,Republican Party,Federal,Congress,4680,4680
Alex Morse,U.S. House Massachusetts District 1,Democratic Party,Federal,Congress,262,262
Alexandra Owensby,U.S. House Kentucky District 4,Democratic Party,Federal,Congress,23,23
Alexandria Ocasio-Cortez,U.S. House New York District 14,Democratic Party,Federal,Congress,329,329
Aliscia Andrews,U.S. House Virginia District 10,Republican Party,Federal,Congress,117,117
Alisha Shelton,U.S. Senate Nebraska,Democratic Party,Federal,State,43,43
Allen Whitt,U.S. Senate West Virginia,Republican Party,Federal,State,40,40
Alma Adams,U.S. House North Carolina District 12,Democratic Party,Federal,Congress,40,40
Alp Basaran,U.S. House New Jersey District 9,Democratic Party,Federal,Congress,19,19
Alyse Galvin,U.S. House Alaska At-large District,Democratic Party,Federal,Congress,248,248
Amanda Edwards,U.S. Senate Texas,Democratic Party,Federal,State,196,196
Amanda Makki,U.S. House Florida District 13,Republican Party,Federal,Congress,34,34
Amanda Stuck,U.S. House Wisconsin District 8,Democratic Party,Federal,Congress,1042,1042
Amani Al-Khatahtbeh,U.S. House New Jersey District 6,Democratic Party,Federal,Congress,13,13
Amber Ivey,U.S. House Maryland District 7,Independent,Federal,Congress,11,11
Amy McGrath,U.S. Senate Kentucky,Democratic Party,Federal,State,270,270
Andom Ghebreghiorgis,U.S. House New York District 16,Democratic Party,Federal,Congress,33,33
Andrew Ferguson,U.S. House Georgia District 10,Democratic Party,Federal,Congress,11,11
Andrew Garbarino,U.S. House New York District 2,Serve America Movement Party,Federal,Congress,64,64
Andrew Kim,U.S. House New Jersey District 3,Democratic Party,Federal,Congress,184,184
Andrew Knaggs,U.S. House Virginia District 7,Republican Party,Federal,Congress,78,78
Andrew Meehan,U.S. House Pennsylvania District 1,Republican Party,Federal,Congress,52,52
Andrew Romanoff,U.S. Senate Colorado,Democratic Party,Federal,State,195,195
Andy Barr,U.S. House Kentucky District 6,Republican Party,Federal,Congress,76,76
Andy Biggs,U.S. House Arizona District 5,Republican Party,Federal,Congress,55,55
Andy Caldwell,U.S. House California District 24,Republican Party,Federal,Congress,21,21
Andy Ruff,U.S. House Indiana District 9,Democratic Party,Federal,Congress,46,46
Angie Craig,U.S. House Minnesota District 2,Democratic Party,Federal,Congress,319,320
Anita Malik,U.S. House Arizona District 6,Democratic Party,Federal,Congress,86,86
Ann Kirkpatrick,U.S. House Arizona District 2,Democratic Party,Federal,Congress,210,210
Ann Wagner,U.S. House Missouri District 2,Republican Party,Federal,Congress,241,241
"Anna Paulina ""Luna"" Gamberzky",U.S. House Florida District 13,Republican Party,Federal,Congress,49,49
Anne Marie Ward,U.S. House Arizona District 4,Republican Party,Federal,Congress,17,17
Annie Kuster,U.S. House New Hampshire District 2,Democratic Party,Federal,Congress,276,276
Anthony Brindisi,U.S. House New York District 22,Democratic Party,Federal,Congress,509,513
Anthony Brown,U.S. House Maryland District 4,Democratic Party,Federal,Congress,23,23
Antone Melton-Meaux,U.S. House Minnesota District 5,Democratic Party,Federal,Congress,44,44
Antonio Delgado,U.S. House New York District 19,Democratic Party,Federal,Congress,154,154
Arati Kreibich,U.S. House New Jersey District 5,Democratic Party,Federal,Congress,231,231
Ashley Hinson,U.S. House Iowa District 1,Republican Party,Federal,Congress,197,197
Audrey Denney,U.S. House California District 1,Democratic Party,Federal,Congress,292,292
August Pfluger,U.S. House Texas District 11,Republican Party,Federal,Congress,14,14
Bangar Reddy,U.S. House Texas District 22,Republican Party,Federal,Congress,18,18
Barbara Bollier,U.S. Senate Kansas,Democratic Party,Federal,State,1842,1842
Barbara Ramsey,U.S. House Nebraska District 1,Democratic Party,Federal,Congress,41,41
Becky Grossman,U.S. House Massachusetts District 4,Democratic Party,Federal,Congress,305,305
Ben Loyola,U.S. House Virginia District 2,Republican Party,Federal,Congress,66,66
Ben McAdams,U.S. House Utah District 4,Democratic Party,Federal,Congress,154,154
Ben Ray Lujan,U.S. Senate New Mexico,Democratic Party,Federal,State,459,459
Ben Sasse,U.S. Senate Nebraska,Republican Party,Federal,State,40,40
Ben Sigel,U.S. House Massachusetts District 4,Democratic Party,Federal,Congress,55,55
Beth Doglio,U.S. House Washington District 10,Democratic Party,Federal,Congress,1810,1810
Beth Henderson,U.S. House Indiana District 5,Republican Party,Federal,Congress,14,14
Beth Van Duyne,U.S. House Texas District 24,Republican Party,Federal,Congress,130,130
Bill Clifford,U.S. House Kansas District 1,Republican Party,Federal,Congress,11,11
Bill Hagerty,U.S. Senate Tennessee,Republican Party,Federal,State,205,205
Bill Hightower,U.S. House Alabama District 1,Republican Party,Federal,Congress,97,97
Bill Olson,U.S. House Florida District 9,Republican Party,Federal,Congress,100,100
Blair Walsingham,U.S. House Tennessee District 1,Democratic Party,Federal,Congress,27,27
Bob Hamilton,U.S. Senate Kansas,Republican Party,Federal,State,18,18
Bob Patterson,U.S. House New Jersey District 2,Republican Party,Federal,Congress,19,19
Brad Schneider,U.S. House Illinois District 10,Democratic Party,Federal,Congress,257,257
Brad Wenstrup,U.S. House Ohio District 2,Republican Party,Federal,Congress,54,54
Brandon Batch,U.S. House Texas District 11,Republican Party,Federal,Congress,12,12
Brenda Lopez Romero,U.S. House Georgia District 7,Democratic Party,Federal,Congress,183,183
Bret Richards,U.S. House Iowa District 4,Republican Party,Federal,Congress,33,33
Brian Babin,U.S. House Texas District 36,Republican Party,Federal,Congress,35,35
Brian Burley,U.S. House California District 48,Republican Party,Federal,Congress,17,17
Brian Fitzpatrick,U.S. House Pennsylvania District 1,Republican Party,Federal,Congress,112,112
Brian Maryott,U.S. House California District 49,Republican Party,Federal,Congress,231,231
Brian Mast,U.S. House Florida District 18,Republican Party,Federal,Congress,337,337
Brianna Wu,U.S. House Massachusetts District 8,Democratic Party,Federal,Congress,57,57
Brigid Callahan Harrison,U.S. House New Jersey District 2,Democratic Party,Federal,Congress,1527,1527
Bryan Berghoef,U.S. House Michigan District 2,Democratic Party,Federal,Congress,216,216
"Bryant ""Corky"" Messner",U.S. Senate New Hampshire,Republican Party,Federal,State,208,208
Brynne Kennedy,U.S. House California District 4,Democratic Party,Federal,Congress,2692,2901
Cal Cunningham,U.S. Senate North Carolina,Democratic Party,Federal,State,177,177
Candace Valenzuela,U.S. House Texas District 24,Democratic Party,Federal,Congress,1163,1163
Carl Beach,U.S. House Wyoming At-large District,Democratic Party,Federal,Congress,13,13
Carlos Gimenez,U.S. House Florida District 26,Republican Party,Federal,Congress,120,120
Carolyn Maloney,U.S. House New York District 12,Democratic Party,Federal,Congress,290,290
Carolyn Bourdeaux,U.S. House Georgia District 7,Democratic Party,Federal,Congress,306,306
Catalina Lauf,U.S. House Illinois District 14,Republican Party,Federal,Congress,38,38
Celeste Williams,U.S. House Arkansas District 3,Democratic Party,Federal,Congress,423,423
Cenk Uygur,U.S. House California District 25,Democratic Party,Federal,Congress,154,154
Charles Booker,U.S. Senate Kentucky,Democratic Party,Federal,State,265,265
Charles Navarro,U.S. House Nevada District 4,Republican Party,Federal,Congress,16,16
Charles Winn,U.S. House Colorado District 2,Republican Party,Federal,Congress,31,31
Chele Farley,U.S. House New York District 18,Republican Party,Federal,Congress,108,108
Chellie Pingree,U.S. House Maine District 1,Democratic Party,Federal,Congress,32,32
Chip Coldiron,U.S. House Indiana District 3,Democratic Party,Federal,Congress,70,70
Chip Roy,U.S. House Texas District 21,Republican Party,Federal,Congress,320,320
Chivona Newsome,U.S. House New York District 15,Democratic Party,Federal,Congress,16,16
Christine Bubser,U.S. House California District 8,Democratic Party,Federal,Congress,262,262
Chris Coons,U.S. Senate Delaware,Democratic Party,Federal,State,94,94
Chris Janicek,U.S. Senate Nebraska,Democratic Party,Federal,State,41,42
Chris Palombi,U.S. House Maryland District 5,Republican Party,Federal,Congress,40,40
Chris Pappas,U.S. House New Hampshire District 1,Democratic Party,Federal,Congress,241,241
Chris Putnam,U.S. House Texas District 12,Republican Party,Federal,Congress,29,29
Chris Stewart,U.S. House Utah District 2,Republican Party,Federal,Congress,32,32
Chris Zannetos,U.S. House Massachusetts District 4,Democratic Party,Federal,Congress,14,14
Christina Finello,U.S. House Pennsylvania District 1,Democratic Party,Federal,Congress,1764,1764
Christina Hagan,U.S. House Ohio District 13,Republican Party,Federal,Congress,47,47
Christina Hale,U.S. House Indiana District 5,Democratic Party,Federal,Congress,265,267
Christopher Armitage,U.S. House Washington District 5,Democratic Party,Federal,Congress,78,78
Christopher Hale,U.S. House Tennessee District 4,Democratic Party,Federal,Congress,110,110
Chris Jacobs,U.S. House New York District 27,Republican Party,Federal,Congress,156,156
Christy Smith,U.S. House California District 25,Democratic Party,Federal,Congress,205,205
Chuck Dietzen,U.S. House Indiana District 5,Republican Party,Federal,Congress,47,47
Cindy Axne,U.S. House Iowa District 3,Democratic Party,Federal,Congress,1429,1429
Cindy Banyai,U.S. House Florida District 19,Democratic Party,Federal,Congress,119,119
Cindy Grosz,U.S. House New York District 4,Republican Party,Federal,Congress,11,11
Claire Chase,U.S. House New Mexico District 2,Republican Party,Federal,Congress,35,35
Claire Russo,U.S. House Virginia District 5,Democratic Party,Federal,Congress,109,109
Claudia Tenney,U.S. House New York District 22,Republican Party,Federal,Congress,191,191
Cliff Bentz,U.S. House Oregon District 2,Republican Party,Federal,Congress,13,13
Clint Koble,U.S. House Nevada District 2,Democratic Party,Federal,Congress,119,119
Cora Neumann,U.S. Senate Montana,Democratic Party,Federal,State,296,296
Cori Bush,U.S. House Missouri District 1,Democratic Party,Federal,Congress,99,99
Cory Booker,U.S. Senate New Jersey,Democratic Party,Federal,State,242,242
Cristina Tzintz√∫n Ramirez,U.S. Senate Texas,Democratic Party,Federal,State,169,169
Dale Crafts,U.S. House Maine District 2,Republican Party,Federal,Congress,159,159
Dan Ahlers,U.S. Senate South Dakota,Democratic Party,Federal,State,56,56
Dan Bishop,U.S. House North Carolina District 9,Republican Party,Federal,Congress,32,32
Dan Feehan,U.S. House Minnesota District 1,Democratic Party,Federal,Congress,294,294
Dan Kildee,U.S. House Michigan District 5,Democratic Party,Federal,Congress,206,206
Dan Meuser,U.S. House Pennsylvania District 9,Republican Party,Federal,Congress,65,65
Dana Alan Ferguson,U.S. House Michigan District 1,Democratic Party,Federal,Congress,125,125
Dana Balter,U.S. House New York District 24,Democratic Party,Federal,Congress,340,340
Dana Barrett,U.S. House Georgia District 11,Democratic Party,Federal,Congress,120,120
Dana Cottrell,U.S. House Florida District 11,Democratic Party,Federal,Congress,15,15
Daniel Burke,U.S. Senate New Jersey,Independent,Federal,State,17,17
Daniel Crenshaw,U.S. House Texas District 2,Republican Party,Federal,Congress,72,72
Daniel Kilgore,U.S. House Ohio District 15,Democratic Party,Federal,Congress,29,29
Daniel McCarthy,U.S. Senate Arizona,Republican Party,Federal,State,100,100
Daniel Merritt,U.S. House Georgia District 1,Republican Party,Federal,Congress,20,20
Daniel Rodimer,U.S. House Nevada District 3,Republican Party,Federal,Congress,127,127
Darrell Issa,U.S. House California District 50,Republican Party,Federal,Congress,20,20
Darren Soto,U.S. House Florida District 9,Democratic Party,Federal,Congress,14,14
David Buchwald,U.S. House New York District 17,Democratic Party,Federal,Congress,82,82
David Hill,U.S. House Oklahoma District 5,Republican Party,Federal,Congress,54,54
David McKinley,U.S. House West Virginia District 1,Republican Party,Federal,Congress,87,87
David Price,U.S. House North Carolina District 4,Democratic Party,Federal,Congress,138,244
David Richter,U.S. House New Jersey District 2,Republican Party,Federal,Congress,50,50
David Richter,U.S. House New Jersey District 3,Republican Party,Federal,Congress,16,16
David Young,U.S. House Iowa District 3,Republican Party,Federal,Congress,195,195
Dean Phillips,U.S. House Minnesota District 3,Democratic Party,Federal,Congress,156,156
Debbie Dingell,U.S. House Michigan District 12,Democratic Party,Federal,Congress,77,77
Debbie Lesko,U.S. House Arizona District 8,Republican Party,Federal,Congress,459,459
Debbie Mucarsel-Powell,U.S. House Florida District 26,Democratic Party,Federal,Congress,2554,2554
Debbie Wasserman Schultz,U.S. House Florida District 23,Democratic Party,Federal,Congress,112,112
Deborah Ross,U.S. House North Carolina District 2,Democratic Party,Federal,Congress,375,375
Debra Lamm,U.S. House Montana At-large District,Republican Party,Federal,Congress,10,10
Delina DiSanto,U.S. House Arizona District 4,Democratic Party,Federal,Congress,23,23
Denver Riggleman,U.S. House Virginia District 5,Republican Party,Federal,Congress,47,47
Derrick Reed,U.S. House Texas District 22,Democratic Party,Federal,Congress,51,51
Derrick Van Orden,U.S. House Wisconsin District 3,Republican Party,Federal,Congress,72,72
Desiree Tims,U.S. House Ohio District 10,Democratic Party,Federal,Congress,2790,2790
Diana Bray,U.S. Senate Colorado,Democratic Party,Federal,State,15,15
Diana Harshbarger,U.S. House Tennessee District 1,Republican Party,Federal,Congress,54,54
Dick Durbin,U.S. Senate Illinois,Democratic Party,Federal,State,207,207
Dina Titus,U.S. House Nevada District 1,Democratic Party,Federal,Congress,60,60
Don Bacon,U.S. House Nebraska District 2,Republican Party,Federal,Congress,128,128
Donald Cole,U.S. House Georgia District 2,Republican Party,Federal,Congress,19,19
Donald Norcross,U.S. House New Jersey District 1,Democratic Party,Federal,Congress,51,51
Donna Deegan,U.S. House Florida District 4,Democratic Party,Federal,Congress,340,340
Donna Imam,U.S. House Texas District 31,Democratic Party,Federal,Congress,48,48
Doug Jones,U.S. Senate Alabama,Democratic Party,Federal,State,241,242
Doug Slocum,U.S. House Michigan District 10,Republican Party,Federal,Congress,33,33
Doyle Canning,U.S. House Oregon District 4,Democratic Party,Federal,Congress,76,76
Dusty Johnson,U.S. House South Dakota At-large District,Republican Party,Federal,Congress,10,10
Dutch Ruppersberger,U.S. House Maryland District 2,Democratic Party,Federal,Congress,50,50
Dwight Evans,U.S. House Pennsylvania District 3,Democratic Party,Federal,Congress,69,69
Earl Blumenauer,U.S. House Oregon District 3,Democratic Party,Federal,Congress,86,86
Earl Granville,U.S. House Pennsylvania District 8,Republican Party,Federal,Congress,47,47
Ed Cohen,U.S. House Nevada District 2,Democratic Party,Federal,Congress,21,21
Ed Markey,U.S. Senate Massachusetts,Democratic Party,Federal,State,268,268
Ed Perlmutter,U.S. House Colorado District 7,Democratic Party,Federal,Congress,159,159
Eddie Mauro,U.S. Senate Iowa,Democratic Party,Federal,State,122,122
"Edward Hanes, Jr.",U.S. House North Carolina District 6,Democratic Party,Federal,Congress,38,38
Elaine Hays,U.S. House Texas District 13,Republican Party,Federal,Congress,10,10
Elaine Luria,U.S. House Virginia District 2,Democratic Party,Federal,Congress,368,368
Elianor Vessali,U.S. House Texas District 17,Republican Party,Federal,Congress,35,35
Elisa Martinez,U.S. Senate New Mexico,Republican Party,Federal,State,92,92
Elissa Slotkin,U.S. House Michigan District 8,Democratic Party,Federal,Congress,195,223
Elizabeth Matory,U.S. House Maryland District 7,Republican Party,Federal,Congress,36,36
Ellen Marks,U.S. House Indiana District 2,Democratic Party,Federal,Congress,17,17
Eric Brakey,U.S. House Maine District 2,Republican Party,Federal,Congress,140,140
Eric Early,U.S. House California District 28,Republican Party,Federal,Congress,22,22
Eric Esshaki,U.S. House Michigan District 11,Republican Party,Federal,Congress,103,103
Eric Hanke,U.S. House Texas District 31,Democratic Party,Federal,Congress,29,29
Eric Moyer,U.S. House Ohio District 10,Democratic Party,Federal,Congress,11,11
Esmeralda Soria,U.S. House California District 16,Democratic Party,Federal,Congress,30,30
Eugene DePasquale,U.S. House Pennsylvania District 10,Democratic Party,Federal,Congress,277,277
Eva Putzova,U.S. House Arizona District 1,Democratic Party,Federal,Congress,140,140
Evelyn Farkas,U.S. House New York District 17,Democratic Party,Federal,Congress,2473,2474
Floyd McLendon Jr.,U.S. House Texas District 32,Republican Party,Federal,Congress,16,16
Francis Conole,U.S. House New York District 24,Democratic Party,Federal,Congress,378,378
Frank Pallotta,U.S. House New Jersey District 5,Republican Party,Federal,Congress,117,117
G.K. Butterfield,U.S. House North Carolina District 1,Democratic Party,Federal,Congress,120,120
Gary Peters,U.S. Senate Michigan,Democratic Party,Federal,State,2055,2055
Gavin Clarkson,U.S. Senate New Mexico,Republican Party,Federal,State,27,27
Genevieve Collins,U.S. House Texas District 32,Republican Party,Federal,Congress,117,117
George Buck,U.S. House Florida District 13,Republican Party,Federal,Congress,80,80
George Devolder-Santos,U.S. House New York District 3,Republican Party,Federal,Congress,31,31
Georgette Gomez,U.S. House California District 53,Democratic Party,Federal,Congress,170,170
Gerald Edward Connolly,U.S. House Virginia District 11,Democratic Party,Federal,Congress,207,207
Gil Cisneros,U.S. House California District 39,Democratic Party,Federal,Congress,326,326
Gina Ortiz Jones,U.S. House Texas District 23,Democratic Party,Federal,Congress,774,774
Gladys Harrison,U.S. House Nebraska District 2,Democratic Party,Federal,Congress,187,187
Glenn Grothman,U.S. House Wisconsin District 6,Republican Party,Federal,Congress,69,69
Glenn Thompson,U.S. House Pennsylvania District 15,Republican Party,Federal,Congress,16,16
Grace Meng,U.S. House New York District 6,Democratic Party,Federal,Congress,51,51
Greg Hill,U.S. House Texas District 22,Republican Party,Federal,Congress,42,42
Greg Pence,U.S. House Indiana District 6,Republican Party,Federal,Congress,38,38
Greg Raths,U.S. House California District 45,Republican Party,Federal,Congress,64,64
Gregory Coll,U.S. House Maryland District 8,Republican Party,Federal,Congress,21,21
Gretchen Driskell,U.S. House Michigan District 7,Democratic Party,Federal,Congress,649,649
Guy Reschenthaler,U.S. House Pennsylvania District 14,Republican Party,Federal,Congress,48,48
Gwen Moore,U.S. House Wisconsin District 4,Democratic Party,Federal,Congress,22,22
Haley Stevens,U.S. House Michigan District 11,Democratic Party,Federal,Congress,257,257
Hank Johnson,U.S. House Georgia District 4,Democratic Party,Federal,Congress,224,224
Harley Rouda,U.S. House California District 48,Democratic Party,Federal,Congress,980,981
Harry Spikes,U.S. House Maryland District 7,Democratic Party,Federal,Congress,11,11
Heerak Christian Kim,U.S. House Virginia District 8,Republican Party,Federal,Congress,16,16
Heidi Sloan,U.S. House Texas District 25,Democratic Party,Federal,Congress,59,59
Henry Cuellar,U.S. House Texas District 28,Democratic Party,Federal,Congress,81,81
Hillary O'Connor Mueri,U.S. House Ohio District 14,Democratic Party,Federal,Congress,356,356
Hillary Scholten,U.S. House Michigan District 3,Democratic Party,Federal,Congress,842,842
Ian Todd,U.S. House Minnesota District 6,Democratic Party,Federal,Congress,11,11
Ibrahim Taher,U.S. Senate Oregon,Green Party,Federal,State,11,11
Ihssane Leckey,U.S. House Massachusetts District 4,Democratic Party,Federal,Congress,73,80
Ilhan Omar,U.S. House Minnesota District 5,Democratic Party,Federal,Congress,220,220
Isaac McCorkle,U.S. House Colorado District 4,Democratic Party,Federal,Congress,67,67
J. Ross Lacy,U.S. House Texas District 11,Republican Party,Federal,Congress,13,13
J.D. Scholten,U.S. House Iowa District 4,Democratic Party,Federal,Congress,231,231
Jack Bergman,U.S. House Michigan District 1,Republican Party,Federal,Congress,33,33
Jack Reed,U.S. Senate Rhode Island,Democratic Party,Federal,State,18,18
Jack Wyman,U.S. House Texas District 26,Republican Party,Federal,Congress,11,11
Jackie Gordon,U.S. House New York District 2,Democratic Party,Federal,Congress,443,443
Jacob LaTurner,U.S. House Kansas District 2,Republican Party,Federal,Congress,36,36
Jahana Hayes,U.S. House Connecticut District 5,Democratic Party,Federal,Congress,43,43
Jaime Harrison,U.S. Senate South Carolina,Democratic Party,Federal,State,1087,1087
Jaime Herrera Beutler,U.S. House Washington District 3,Republican Party,Federal,Congress,111,111
Jake Auchincloss,U.S. House Massachusetts District 4,Democratic Party,Federal,Congress,58,58
Jamaal Bowman,U.S. House New York District 16,Democratic Party,Federal,Congress,378,378
James Baldini,U.S. House New Jersey District 5,Republican Party,Federal,Congress,41,41
James Clyburn,U.S. House South Carolina District 6,Democratic Party,Federal,Congress,137,137
James Mackler,U.S. Senate Tennessee,Democratic Party,Federal,State,139,139
Jamie Cheek,U.S. House Utah District 1,Democratic Party,Federal,Congress,28,28
Jamie Zahlaway Belsito,U.S. House Massachusetts District 6,Democratic Party,Federal,Congress,53,53
Janessa Goldbeck,U.S. House California District 53,Democratic Party,Federal,Congress,79,79
Janet Barresi,U.S. House Oklahoma District 5,Republican Party,Federal,Congress,77,77
Jared Golden,U.S. House Maine District 2,Democratic Party,Federal,Congress,182,182
Jared Huffman,U.S. House California District 2,Democratic Party,Federal,Congress,51,51
Jason Alexander Roberge,U.S. House Virginia District 7,Republican Party,Federal,Congress,13,13
Jason Call,U.S. House Washington District 2,Democratic Party,Federal,Congress,43,43
Jason Crow,U.S. House Colorado District 6,Democratic Party,Federal,Congress,198,198
Jason Mrochek,U.S. House Texas District 26,Republican Party,Federal,Congress,15,15
Jason Smith,U.S. House Missouri District 8,Republican Party,Federal,Congress,58,58
Jay McFarland,U.S. House Utah District 4,Republican Party,Federal,Congress,78,78
Jeanne Shaheen,U.S. Senate New Hampshire,Democratic Party,Federal,State,1634,1634
Jeff Burdick,U.S. House California District 7,Democratic Party,Federal,Congress,18,18
Jeff Merkley,U.S. Senate Oregon,Democratic Party,Federal,State,45,45
Jeff Sessions,U.S. Senate Alabama,Republican Party,Federal,State,82,82
Jeffrey Beeler,U.S. House Washington District 1,Republican Party,Federal,Congress,34,34
Jen Perelman,U.S. House Florida District 23,Democratic Party,Federal,Congress,89,89
Jen Richardson,U.S. House Michigan District 6,Democratic Party,Federal,Congress,11,11
Jennifer Christie,U.S. House Indiana District 5,Democratic Party,Federal,Congress,40,40
Jeremy Taylor,U.S. House Iowa District 4,Republican Party,Federal,Congress,44,44
Jerrold Nadler,U.S. House New York District 10,Democratic Party,Federal,Congress,253,253
Jerry Dickinson,U.S. House Pennsylvania District 18,Democratic Party,Federal,Congress,13,13
Jerry Evans,U.S. House Illinois District 14,Republican Party,Federal,Congress,30,30
Jesse Mermell,U.S. House Massachusetts District 4,Democratic Party,Federal,Congress,138,138
Jesse Philippe,U.S. House Florida District 15,Democratic Party,Federal,Congress,20,20
Jessi Ebben,U.S. House Wisconsin District 3,Republican Party,Federal,Congress,51,51
Jessi Melton,U.S. House Florida District 22,Republican Party,Federal,Congress,39,39
Jessica Cisneros,U.S. House Texas District 28,Democratic Party,Federal,Congress,101,101
Jessica Scarane,U.S. Senate Delaware,Democratic Party,Federal,State,101,101
Jessica Taylor,U.S. House Alabama District 2,Republican Party,Federal,Congress,20,20
Jill Schupp,U.S. House Missouri District 2,Democratic Party,Federal,Congress,1326,1326
Jim Banks,U.S. House Indiana District 3,Republican Party,Federal,Congress,62,62
Jim Bognet,U.S. House Pennsylvania District 8,Republican Party,Federal,Congress,143,143
Jim Langevin,U.S. House Rhode Island District 2,Democratic Party,Federal,Congress,50,50
Jim McGovern,U.S. House Massachusetts District 2,Democratic Party,Federal,Congress,105,105
Jim Oberweis,U.S. House Illinois District 14,Republican Party,Federal,Congress,69,69
Jimmy Crumpacker,U.S. House Oregon District 2,Republican Party,Federal,Congress,10,10
Jimmy Gomez,U.S. House California District 34,Democratic Party,Federal,Congress,212,212
Joe Courtney,U.S. House Connecticut District 2,Democratic Party,Federal,Congress,24,24
Joe Cunningham,U.S. House South Carolina District 1,Democratic Party,Federal,Congress,392,392
Joe Neguse,U.S. House Colorado District 2,Democratic Party,Federal,Congress,32,32
Joe Walz,U.S. House Texas District 22,Republican Party,Federal,Congress,32,32
Joel Newby,U.S. House Ohio District 15,Democratic Party,Federal,Congress,96,96
John Blair,U.S. House New Mexico District 3,Democratic Party,Federal,Congress,107,107
John Cornyn,U.S. Senate Texas,Republican Party,Federal,State,792,792
John Cummings,U.S. House New York District 14,Republican Party,Federal,Congress,244,244
John Dennis,U.S. House California District 12,Republican Party,Federal,Congress,16,16
John Emmons,U.S. House Pennsylvania District 6,Republican Party,Federal,Congress,104,104
John Garamendi,U.S. House California District 3,Democratic Party,Federal,Congress,36,36
John Hickenlooper,U.S. Senate Colorado,Democratic Party,Federal,State,670,670
John James,U.S. Senate Michigan,Republican Party,Federal,State,209,209
John Kael Weston,U.S. House Utah District 2,Democratic Party,Federal,Congress,46,46
John Moolenaar,U.S. House Michigan District 4,Republican Party,Federal,Congress,121,121
John Sarbanes,U.S. House Maryland District 3,Democratic Party,Federal,Congress,118,118
Johnny Nalbandian,U.S. House California District 27,Republican Party,Federal,Congress,11,11
Jon Hoadley,U.S. House Michigan District 6,Democratic Party,Federal,Congress,415,415
Jon Menefee,U.S. House Texas District 9,Republican Party,Federal,Congress,10,10
Jon Ossoff,U.S. Senate Georgia,Democratic Party,Federal,State,763,763
Jonah Schulz,U.S. House Ohio District 11,Republican Party,Federal,Congress,25,25
Jonathan Herzog,U.S. House New York District 10,Democratic Party,Federal,Congress,36,36
Jonia Broderick,U.S. House Utah District 4,United Utah Party,Federal,Congress,14,14
Jose Castillo,U.S. House Florida District 9,Republican Party,Federal,Congress,13,13
Joseph Kennedy III,U.S. Senate Massachusetts,Democratic Party,Federal,State,248,248
Joseph Morgan,U.S. House Arizona District 2,Republican Party,Federal,Congress,38,38
Josh Hicks,U.S. House Kentucky District 6,Democratic Party,Federal,Congress,252,252
Josh Winegarner,U.S. House Texas District 13,Republican Party,Federal,Congress,33,33
Joshua Scott,U.S. House California District 32,Republican Party,Federal,Congress,14,14
Julia Brownley,U.S. House California District 26,Democratic Party,Federal,Congress,420,420
Julie Oliver,U.S. House Texas District 25,Democratic Party,Federal,Congress,158,158
Kali Barnett,U.S. House Kansas District 1,Democratic Party,Federal,Congress,659,659
Kara Eastman,U.S. House Nebraska District 2,Democratic Party,Federal,Congress,118,118
Karen Bass,U.S. House California District 37,Democratic Party,Federal,Congress,27,27
Karl Gentles,U.S. House Arizona District 6,Democratic Party,Federal,Congress,58,58
Kat Cammack,U.S. House Florida District 3,Republican Party,Federal,Congress,136,136
Kate Bolz,U.S. House Nebraska District 1,Democratic Party,Federal,Congress,272,272
Kate Gibbs,U.S. House New Jersey District 3,Republican Party,Federal,Congress,16,16
Kathaleen Wall,U.S. House Texas District 22,Republican Party,Federal,Congress,57,57
Kathleen Anderson,U.S. House Utah District 4,Republican Party,Federal,Congress,13,13
Kathleen Williams,U.S. House Montana At-large District,Democratic Party,Federal,Congress,281,281
Kathy Ellis,U.S. House Missouri District 8,Democratic Party,Federal,Congress,123,123
Kathy Landing,U.S. House South Carolina District 1,Republican Party,Federal,Congress,18,18
Kathy Manning,U.S. House North Carolina District 6,Democratic Party,Federal,Congress,167,167
Katie Porter,U.S. House California District 45,Democratic Party,Federal,Congress,486,486
Katie Witt,U.S. House Utah District 1,Republican Party,Federal,Congress,35,35
Kelly Loeffler,U.S. Senate Georgia,Republican Party,Federal,State,271,271
Kelly Mitchell,U.S. House Indiana District 5,Republican Party,Federal,Congress,82,82
Ken Calvert,U.S. House California District 42,Republican Party,Federal,Congress,50,50
Kendall Qualls,U.S. House Minnesota District 3,Republican Party,Federal,Congress,79,79
Kendra Horn,U.S. House Oklahoma District 5,Democratic Party,Federal,Congress,17,17
Kent Abernathy,U.S. House Indiana District 5,Republican Party,Federal,Congress,21,21
Kevin Hern,U.S. House Oklahoma District 1,Republican Party,Federal,Congress,14,14
Kevin McCarthy,U.S. House California District 23,Republican Party,Federal,Congress,162,162
Kevin O'Connor,U.S. Senate Massachusetts,Republican Party,Federal,State,50,50
Kim Coleman,U.S. House Utah District 4,Republican Party,Federal,Congress,17,17
Kim Nelson,U.S. House South Carolina District 4,Democratic Party,Federal,Congress,38,38
Kim Olson,U.S. House Texas District 24,Democratic Party,Federal,Congress,1423,1423
Kimberly Graham,U.S. Senate Iowa,Democratic Party,Federal,State,75,75
Kiran Sreepada,U.S. House Tennessee District 7,Democratic Party,Federal,Congress,41,41
Knute Buehler,U.S. House Oregon District 2,Republican Party,Federal,Congress,99,99
Kojo Asamoa-Caesar,U.S. House Oklahoma District 1,Democratic Party,Federal,Congress,17,17
Kristina Lyke,U.S. House Michigan District 8,Republican Party,Federal,Congress,11,11
Kristine Schanbacher,U.S. House Illinois District 7,Democratic Party,Federal,Congress,41,41
Kristy Gnibus,U.S. House Pennsylvania District 16,Democratic Party,Federal,Congress,825,825
Lacy Johnson,U.S. House Minnesota District 5,Republican Party,Federal,Congress,52,52
Laura Loomer,U.S. House Florida District 21,Republican Party,Federal,Congress,155,155
Lauren Ashcraft,U.S. House New York District 12,Democratic Party,Federal,Congress,97,97
Lauren Boebert,U.S. House Colorado District 3,Republican Party,Federal,Congress,198,198
Lauren Underwood,U.S. House Illinois District 14,Democratic Party,Federal,Congress,488,488
Lee Griffin,U.S. House Pennsylvania District 12,Democratic Party,Federal,Congress,22,22
Lee Zeldin,U.S. House New York District 1,Republican Party,Federal,Congress,342,342
Leon Benjamin,U.S. House Virginia District 4,Republican Party,Federal,Congress,64,64
Linda O'Dell,U.S. House Michigan District 1,Democratic Party,Federal,Congress,24,24
Linda Sanchez,U.S. House California District 38,Democratic Party,Federal,Congress,140,140
Lindsey Boylan,U.S. House New York District 10,Democratic Party,Federal,Congress,87,87
Lindsey Graham,U.S. Senate South Carolina,Republican Party,Federal,State,638,638
Lindsey Simmons,U.S. House Missouri District 4,Democratic Party,Federal,Congress,51,51
Lisa Savage,U.S. Senate Maine,Maine Green Independent Party,Federal,State,87,87
Lisa Scheller,U.S. House Pennsylvania District 7,Republican Party,Federal,Congress,135,135
Lisa Sparks,U.S. House California District 45,Republican Party,Federal,Congress,29,29
Lisa Welch,U.S. House Texas District 12,Democratic Party,Federal,Congress,30,30
Lizzie Pannill Fletcher,U.S. House Texas District 7,Democratic Party,Federal,Congress,203,203
Lois Frankel,U.S. House Florida District 21,Democratic Party,Federal,Congress,36,36
Lorena Garcia,U.S. Senate Colorado,Democratic Party,Federal,State,93,93
Lori Trahan,U.S. House Massachusetts District 3,Democratic Party,Federal,Congress,52,52
Lou Correa,U.S. House California District 46,Democratic Party,Federal,Congress,18,18
Lovelynn Gwinn,U.S. House New York District 13,Republican Party,Federal,Congress,99,99
Lucy McBath,U.S. House Georgia District 6,Democratic Party,Federal,Congress,683,683
Luke Negron,U.S. House Pennsylvania District 18,Republican Party,Federal,Congress,11,11
Lulu Seikaly,U.S. House Texas District 3,Democratic Party,Federal,Congress,4571,4577
Lynda Bennett,U.S. House North Carolina District 11,Republican Party,Federal,Congress,21,21
Lynn Afendoulis,U.S. House Michigan District 3,Republican Party,Federal,Congress,123,127
Lynne Homrich,U.S. House Georgia District 7,Republican Party,Federal,Congress,23,23
Madeleine Dean,U.S. House Pennsylvania District 4,Democratic Party,Federal,Congress,144,144
Madison Cawthorn,U.S. House North Carolina District 11,Republican Party,Federal,Congress,118,118
Manny Sethi,U.S. Senate Tennessee,Republican Party,Federal,State,392,392
Marc Flores,U.S. House Texas District 18,Democratic Party,Federal,Congress,31,31
Marc Veasey,U.S. House Texas District 33,Democratic Party,Federal,Congress,68,68
Margaret Good,U.S. House Florida District 16,Democratic Party,Federal,Congress,978,978
Maria Elvira Salazar,U.S. House Florida District 27,Republican Party,Federal,Congress,126,126
Marie Newman,U.S. House Illinois District 3,Democratic Party,Federal,Congress,5994,5994
Marjorie Taylor Greene,U.S. House Georgia District 14,Republican Party,Federal,Congress,107,107
Mark Bauer,U.S. House Texas District 24,Independent,Federal,Congress,12,12
Mark Gonsalves,U.S. House Georgia District 7,Republican Party,Federal,Congress,54,54
Mark Kelly,U.S. Senate Arizona,Democratic Party,Federal,State,375,375
Mark Richardson,U.S. House Ohio District 3,Republican Party,Federal,Congress,11,11
Mark Takano,U.S. House California District 41,Democratic Party,Federal,Congress,321,321
Mark Warner,U.S. Senate Virginia,Democratic Party,Federal,State,187,187
Marquita Bradshaw,U.S. Senate Tennessee,Democratic Party,Federal,State,238,238
Martha McSally,U.S. Senate Arizona,Republican Party,Federal,State,604,604
"Mary Jennings ""M.J."" Hegar",U.S. Senate Texas,Democratic Party,Federal,State,3353,3354
Mary Miller,U.S. House Illinois District 15,Republican Party,Federal,Congress,22,22
Matt Mayberry,U.S. House New Hampshire District 1,Republican Party,Federal,Congress,49,49
Matt Mowers,U.S. House New Hampshire District 1,Republican Party,Federal,Congress,104,104
Matt Rosendale,U.S. House Montana At-large District,Republican Party,Federal,Congress,83,83
Mauricus Brown,U.S. House South Carolina District 5,Democratic Party,Federal,Congress,119,119
Max Rose,U.S. House New York District 11,Democratic Party,Federal,Congress,252,252
Maya Rockeymoore Cummings,U.S. House Maryland District 7,Democratic Party,Federal,Congress,33,33
Mckayla Wilkes,U.S. House Maryland District 5,Democratic Party,Federal,Congress,55,55
Melanie D'Arrigo,U.S. House New York District 3,Democratic Party,Federal,Congress,76,76
Melissa Mark-Viverito,U.S. House New York District 15,Democratic Party,Federal,Congress,89,89
Melquiades Gagarin,U.S. House New York District 6,Democratic Party,Federal,Congress,76,76
Michael Franken,U.S. Senate Iowa,Democratic Party,Federal,State,439,439
Michael Lipetri,U.S. House New York District 2,Republican Party,Federal,Congress,22,22
Michael Owens,U.S. House Georgia District 13,Democratic Party,Federal,Congress,29,29
Michael Waltz,U.S. House Florida District 6,Republican Party,Federal,Congress,62,62
Michelle Caruso-Cabrera,U.S. House New York District 14,Democratic Party,Federal,Congress,11,11
Michelle De La Isla,U.S. House Kansas District 2,Democratic Party,Federal,Congress,124,124
Michelle Ferrigno Warren,U.S. Senate Colorado,Democratic Party,Federal,State,33,33
Mike Broihier,U.S. Senate Kentucky,Democratic Party,Federal,State,105,105
Mike Covert,U.S. House South Carolina District 1,Republican Party,Federal,Congress,16,16
Mike Espy,U.S. Senate Mississippi,Democratic Party,Federal,State,414,414
Mike Garcia,U.S. House California District 25,Republican Party,Federal,Congress,41,41
Mike Ghassali,U.S. House New Jersey District 5,Republican Party,Federal,Congress,11,11
Mike Levin,U.S. House California District 49,Democratic Party,Federal,Congress,138,138
Mike Siegel,U.S. House Texas District 10,Democratic Party,Federal,Congress,1157,1157
Mike Thompson,U.S. House California District 5,Democratic Party,Federal,Congress,40,40
Mikie Sherrill,U.S. House New Jersey District 11,Democratic Party,Federal,Congress,187,187
Mitch McConnell,U.S. Senate Kentucky,Republican Party,Federal,State,678,678
Mondaire Jones,U.S. House New York District 17,Democratic Party,Federal,Congress,173,173
Monika Johnson-Hostler,U.S. House North Carolina District 2,Democratic Party,Federal,Congress,1256,1256
Morgan Harper,U.S. House Ohio District 3,Democratic Party,Federal,Congress,141,141
"Morris ""Moe"" Davis",U.S. House North Carolina District 11,Democratic Party,Federal,Congress,117,117
Nabilah Islam,U.S. House Georgia District 7,Democratic Party,Federal,Congress,525,525
Nancy Mace,U.S. House South Carolina District 1,Republican Party,Federal,Congress,166,166
Nancy Pelosi,U.S. House California District 12,Democratic Party,Federal,Congress,399,399
Nick Freitas,U.S. House Virginia District 7,Republican Party,Federal,Congress,595,595
Nick Rubando,U.S. House Ohio District 5,Democratic Party,Federal,Congress,41,41
Nicole Malliotakis,U.S. House New York District 11,Republican Party,Federal,Congress,158,158
Nikki Foster,U.S. House Ohio District 1,Democratic Party,Federal,Congress,363,363
Nyanza Moore,U.S. House Texas District 22,Democratic Party,Federal,Congress,26,26
Omari Faulkner,U.S. Senate Virginia,Republican Party,Federal,State,44,44
Oz Vazquez,U.S. House Florida District 18,Democratic Party,Federal,Congress,424,424
Pat Hackett,U.S. House Indiana District 2,Democratic Party,Federal,Congress,142,142
Patricia Ackerman,U.S. House Nevada District 2,Democratic Party,Federal,Congress,436,436
Patrick T. McHenry,U.S. House North Carolina District 10,Republican Party,Federal,Congress,55,55
Paulette E. Jordan,U.S. Senate Idaho,Democratic Party,Federal,State,141,141
Perry Gershon,U.S. House New York District 1,Democratic Party,Federal,Congress,59,59
Pete Stauber,U.S. House Minnesota District 8,Republican Party,Federal,Congress,60,60
Peter DeFazio,U.S. House Oregon District 4,Democratic Party,Federal,Congress,148,148
Peter Meijer,U.S. House Michigan District 3,Republican Party,Federal,Congress,61,61
Peter Visclosky,U.S. House Indiana District 1,Democratic Party,Federal,Congress,109,109
Phil Arballo,U.S. House California District 22,Democratic Party,Federal,Congress,1995,1995
Phil Ehr,U.S. House Florida District 1,Democratic Party,Federal,Congress,135,179
Pramila Jayapal,U.S. House Washington District 7,Democratic Party,Federal,Congress,188,188
Pritesh Gandhi,U.S. House Texas District 10,Democratic Party,Federal,Congress,451,451
Qasim Rashid,U.S. House Virginia District 1,Democratic Party,Federal,Congress,29,29
Quinn Nystrom,U.S. House Minnesota District 8,Democratic Party,Federal,Congress,1752,1752
Rachel Ventura,U.S. House Illinois District 11,Democratic Party,Federal,Congress,50,50
Raja Krishnamoorthi,U.S. House Illinois District 8,Democratic Party,Federal,Congress,195,195
Randi Reed,U.S. House Nevada District 4,Republican Party,Federal,Congress,127,127
Raphael Warnock,U.S. Senate Georgia,Democratic Party,Federal,State,698,698
Raul Reyes Jr.,U.S. House Texas District 23,Republican Party,Federal,Congress,43,43
Raul Ruiz,U.S. House California District 36,Democratic Party,Federal,Congress,182,182
Ray Lenzi,U.S. House Illinois District 12,Democratic Party,Federal,Congress,32,32
Rebecca Parson,U.S. House Washington District 6,Democratic Party,Federal,Congress,155,155
Rebecca Wood,U.S. House Nevada District 4,Republican Party,Federal,Congress,16,16
Renee Hoyos,U.S. House Tennessee District 2,Democratic Party,Federal,Congress,95,95
Renee Unterman,U.S. House Georgia District 7,Republican Party,Federal,Congress,23,23
Rich McCormick,U.S. House Georgia District 7,Republican Party,Federal,Congress,75,75
Richard Habersham,U.S. House New York District 13,Democratic Party,Federal,Congress,12,12
Richard Thripp,U.S. House Florida District 6,Democratic Party,Federal,Congress,15,15
Rick Kennedy,U.S. House Texas District 17,Democratic Party,Federal,Congress,179,179
Rick Laib,U.S. House Illinois District 11,Republican Party,Federal,Congress,28,28
Rik Mehta,U.S. Senate New Jersey,Republican Party,Federal,State,68,68
Rishi Kumar,U.S. House California District 18,Democratic Party,Federal,Congress,181,181
Rita Hart,U.S. House Iowa District 2,Democratic Party,Federal,Congress,309,309
Ritchie Torres,U.S. House New York District 15,Democratic Party,Federal,Congress,115,115
Ro Khanna,U.S. House California District 17,Democratic Party,Federal,Congress,180,180
Rob Jones,U.S. House Virginia District 10,Republican Party,Federal,Congress,42,42
Robert Emmons Jr.,U.S. House Illinois District 1,Democratic Party,Federal,Congress,39,39
"Robert J. ""Rob"" Wittman",U.S. House Virginia District 1,Republican Party,Federal,Congress,38,38
Robert Short,U.S. Senate Wyoming,Republican Party,Federal,State,16,16
Robert T. Schilling,U.S. House Iowa District 2,Republican Party,Federal,Congress,73,73
"Roger Dean ""RD"" Huffstetler",U.S. House Virginia District 5,Democratic Party,Federal,Congress,280,280
Roger Marshall,U.S. Senate Kansas,Republican Party,Federal,State,168,173
Ron Estes,U.S. House Kansas District 4,Republican Party,Federal,Congress,98,98
Ronald Wright,U.S. House Texas District 6,Republican Party,Federal,Congress,38,38
Ronny L. Jackson,U.S. House Texas District 13,Republican Party,Federal,Congress,67,67
Rosemary Becchi,U.S. House New Jersey District 11,Republican Party,Federal,Congress,39,39
Rosemary Becchi,U.S. House New Jersey District 7,Republican Party,Federal,Congress,34,34
Ross LaJeunesse,U.S. Senate Maine,Democratic Party,Federal,State,71,71
Ruben Gallego,U.S. House Arizona District 7,Democratic Party,Federal,Congress,254,254
Ruben Rodriguez,U.S. House Connecticut District 5,Republican Party,Federal,Congress,301,301
Rudy Soto,U.S. House Idaho District 1,Democratic Party,Federal,Congress,68,68
Rush Darwish,U.S. House Illinois District 3,Democratic Party,Federal,Congress,43,43
Russell Cirincione,U.S. House New Jersey District 6,Democratic Party,Federal,Congress,16,16
Salud Carbajal,U.S. House California District 24,Democratic Party,Federal,Congress,44,44
Sam Peters,U.S. House Nevada District 4,Republican Party,Federal,Congress,59,59
Samelys Lopez,U.S. House New York District 15,Democratic Party,Federal,Congress,84,84
Sandy Smith,U.S. House North Carolina District 1,Republican Party,Federal,Congress,107,107
Sanford Bishop Jr.,U.S. House Georgia District 2,Democratic Party,Federal,Congress,128,128
Sara Gideon,U.S. Senate Maine,Democratic Party,Federal,State,2007,2007
Sara Hart Weir,U.S. House Kansas District 3,Republican Party,Federal,Congress,102,102
Sara Jacobs,U.S. House California District 53,Democratic Party,Federal,Congress,181,181
Sarah Gad,U.S. House Illinois District 1,Democratic Party,Federal,Congress,14,14
Sarah Riggs Amico,U.S. Senate Georgia,Democratic Party,Federal,State,223,223
Scherie Murray,U.S. House New York District 14,Republican Party,Federal,Congress,33,33
Scott Cooper,U.S. House North Carolina District 2,Democratic Party,Federal,Congress,1595,1595
Scott Fitzgerald,U.S. House Wisconsin District 5,Republican Party,Federal,Congress,55,55
Scott Perry,U.S. House Pennsylvania District 10,Republican Party,Federal,Congress,21,21
Scott Peters,U.S. House California District 52,Democratic Party,Federal,Congress,208,208
Scott Timko,U.S. House Pennsylvania District 17,Republican Party,Federal,Congress,14,14
Sean Casten,U.S. House Illinois District 6,Democratic Party,Federal,Congress,263,263
Sean Feucht,U.S. House California District 3,Republican Party,Federal,Congress,60,60
Sean Maloney,U.S. House New York District 18,Democratic Party,Federal,Congress,7880,7880
Sean McCaffity,U.S. House Texas District 3,Democratic Party,Federal,Congress,145,145
Sean Parnell,U.S. House Pennsylvania District 17,Republican Party,Federal,Congress,126,126
Shahid Buttar,U.S. House California District 12,Democratic Party,Federal,Congress,157,157
Shane Hernandez,U.S. House Michigan District 10,Republican Party,Federal,Congress,11,11
Shaniyat Chowdhury,U.S. House New York District 5,Democratic Party,Federal,Congress,103,103
Shannon Hutcheson,U.S. House Texas District 10,Democratic Party,Federal,Congress,1000,1000
Sharice Davids,U.S. House Kansas District 3,Democratic Party,Federal,Congress,167,167
Shay Stautz,U.S. House Arizona District 2,Republican Party,Federal,Congress,28,28
Shelia Bryant,U.S. House Maryland District 4,Democratic Party,Federal,Congress,15,15
Shelley Moore Capito,U.S. Senate West Virginia,Republican Party,Federal,State,15,15
Shiva Ayyadurai,U.S. Senate Massachusetts,Republican Party,Federal,State,56,56
Sima Ladjevardian,U.S. House Texas District 2,Democratic Party,Federal,Congress,5856,5857
Solomon Rajput,U.S. House Michigan District 12,Democratic Party,Federal,Congress,159,159
Sri Preston Kulkarni,U.S. House Texas District 22,Democratic Party,Federal,Congress,2558,2570
Stefanie Smith,U.S. House Illinois District 13,Democratic Party,Federal,Congress,13,13
Stephanie Murphy,U.S. House Florida District 7,Democratic Party,Federal,Congress,986,986
Stephanie Schmid,U.S. House New Jersey District 4,Democratic Party,Federal,Congress,22,22
Stephen Daniel,U.S. House Texas District 6,Democratic Party,Federal,Congress,171,171
Steve Bullock,U.S. Senate Montana,Democratic Party,Federal,State,85,85
Steve Chabot,U.S. House Ohio District 1,Republican Party,Federal,Congress,109,109
Steve Daines,U.S. Senate Montana,Republican Party,Federal,State,198,198
Steve King,U.S. House Iowa District 4,Republican Party,Federal,Congress,22,22
Stevens Orozco,U.S. House Texas District 18,Democratic Party,Federal,Congress,14,14
Suraj Patel,U.S. House New York District 12,Democratic Party,Federal,Congress,130,130
Susan Wagle,U.S. Senate Kansas,Republican Party,Federal,State,49,49
Susan Wild,U.S. House Pennsylvania District 7,Democratic Party,Federal,Congress,279,279
Susie Lee,U.S. House Nevada District 3,Democratic Party,Federal,Congress,376,376
Suzanne Bonamici,U.S. House Oregon District 1,Democratic Party,Federal,Congress,107,107
TJ Cox,U.S. House California District 21,Democratic Party,Federal,Congress,1319,1319
Tamara Johnson-Shealey,U.S. Senate Georgia,Democratic Party,Federal,State,64,64
Tawnja Zahradka,U.S. House Minnesota District 6,Democratic Party,Federal,Congress,32,32
Ted Gradel,U.S. House Illinois District 14,Republican Party,Federal,Congress,25,25
Ted Lieu,U.S. House California District 33,Democratic Party,Federal,Congress,108,108
Teddy Daniels,U.S. House Pennsylvania District 8,Republican Party,Federal,Congress,56,56
Tedra Cobb,U.S. House New York District 21,Democratic Party,Federal,Congress,507,507
Teresa Leger Fernandez,U.S. House New Mexico District 3,Democratic Party,Federal,Congress,1042,1042
Teresa Tomlinson,U.S. Senate Georgia,Democratic Party,Federal,State,180,180
Terri Sewell,U.S. House Alabama District 7,Democratic Party,Federal,Congress,26,26
Theresa Greenfield,U.S. Senate Iowa,Democratic Party,Federal,State,1994,1994
Thomas Gilmer,U.S. House Connecticut District 2,Republican Party,Federal,Congress,10,10
Thomas Kean Jr.,U.S. House New Jersey District 7,Republican Party,Federal,Congress,232,232
Thomas McDermott Jr.,U.S. House Indiana District 1,Democratic Party,Federal,Congress,51,51
Tiffany Shedd,U.S. House Arizona District 1,Republican Party,Federal,Congress,117,117
Tim Kelly,U.S. House Michigan District 5,Republican Party,Federal,Congress,12,12
Tina Ramirez,U.S. House Virginia District 7,Republican Party,Federal,Congress,48,48
Tina Smith,U.S. Senate Minnesota,Democratic Party,Federal,State,628,628
Tom Brier,U.S. House Pennsylvania District 10,Democratic Party,Federal,Congress,93,93
Tom Cotton,U.S. Senate Arkansas,Republican Party,Federal,State,37,37
Tom Gallagher,U.S. House California District 12,Democratic Party,Federal,Congress,18,18
Tom O'Halleran,U.S. House Arizona District 1,Democratic Party,Federal,Congress,461,461
Tom Tarter,U.S. Senate Illinois,Republican Party,Federal,State,16,16
Tom Tiffany,U.S. House Wisconsin District 7,Republican Party,Federal,Congress,103,103
Tom Winter,U.S. House Montana At-large District,Democratic Party,Federal,Congress,393,393
Tony Gonzales,U.S. House Texas District 23,Republican Party,Federal,Congress,1295,1295
Tracey Mann,U.S. House Kansas District 1,Republican Party,Federal,Congress,133,133
Tracy Mitrano,U.S. House New York District 23,Democratic Party,Federal,Congress,241,241
Troy Balderson,U.S. House Ohio District 12,Republican Party,Federal,Congress,32,32
Troy Nehls,U.S. House Texas District 22,Republican Party,Federal,Congress,16,16
Usha Reddi,U.S. Senate Kansas,Democratic Party,Federal,State,44,44
Valencia Stovall,U.S. Senate Georgia,Independent,Federal,State,55,55
Valerie Plame,U.S. House New Mexico District 3,Democratic Party,Federal,Congress,718,726
Vennia Francois,U.S. House Florida District 10,Republican Party,Federal,Congress,13,13
Vern Buchanan,U.S. House Florida District 16,Republican Party,Federal,Congress,47,47
Victoria Spartz,U.S. House Indiana District 5,Republican Party,Federal,Congress,44,44
Warren Davidson,U.S. House Ohio District 8,Republican Party,Federal,Congress,24,24
Waymen Eddings,U.S. House Kentucky District 3,Republican Party,Federal,Congress,10,10
Wendy Davis,U.S. House Texas District 21,Democratic Party,Federal,Congress,996,996
Wesley Hunt,U.S. House Texas District 7,Republican Party,Federal,Congress,146,146
William Figlesthaler,U.S. House Florida District 19,Republican Party,Federal,Congress,58,58
William Haston,U.S. House Georgia District 4,Democratic Party,Federal,Congress,17,17
William O'Mara,U.S. House California District 42,Democratic Party,Federal,Congress,63,63
Wilmot Collins,U.S. Senate Montana,Democratic Party,Federal,State,246,246
Xochitl Torres Small,U.S. House New Mexico District 2,Democratic Party,Federal,Congress,448,485
Young Kim,U.S. House California District 39,Republican Party,Federal,Congress,56,56
Yvette D. Clarke,U.S. House New York District 9,Democratic Party,Federal,Congress,180,180
Yvette Herrell,U.S. House New Mexico District 2,Republican Party,Federal,Congress,23,23
Zainab Mohsini,U.S. House Virginia District 11,Democratic Party,Federal,Congress,52,52
Zinovia Spezakis,U.S. House New Jersey District 9,Democratic Party,Federal,Congress,50,50
Zoe Lofgren,U.S. House California District 19,Democratic Party,Federal,Congress,52,52
