year,state,state_po,state_fips,state_cen,state_ic,office,district,stage,special,candidate,party_detailed,writein,mode,candidatevotes,totalvotes,unofficial,version,party_simplified
2020,ALABAMA,AL,1,63,41,US SENATE,statewide,gen,FALSE,DOUG JONES,DEMOCRAT,FALSE,total,920478,2316445,FALSE,20210114,DEMOCRAT
2020,ALABAMA,AL,1,63,41,US SENATE,statewide,gen,FALSE,TOMMY TUBERVILLE,REPUBLICAN,FALSE,total,1392076,2316445,FALSE,20210114,REPUBLICAN
2020,ALABAMA,AL,1,63,41,US SENATE,statewide,gen,FALSE,,,TRUE,total,3891,2316445,FALSE,20210114,OTHER
2020,ALASKA,AK,2,94,81,US SENATE,statewide,gen,FALSE,AL GROSS,DEMOCRAT,FALSE,total,146068,354587,FALSE,20210114,DEMOCRAT
2020,ALASKA,AK,2,94,81,US SENATE,statewide,gen,FALSE,JOHN WAYNE HOWE,ALASKAN INDEPENDENCE PARTY,FALSE,total,16806,354587,FALSE,20210114,OTHER
2020,ALASKA,AK,2,94,81,US SENATE,statewide,gen,FALSE,DAN SULLIVAN,REPUBLICAN,FALSE,total,191112,354587,FALSE,20210114,REPUBLICAN
2020,ALASKA,AK,2,94,81,US SENATE,statewide,gen,FALSE,,,TRUE,total,601,354587,FALSE,20210114,OTHER
2020,ARIZONA,AZ,4,86,61,US SENATE,statewide,gen,TRUE,EDWARD DAVIDA,REPUBLICAN,TRUE,total,28,3355307,FALSE,20210114,REPUBLICAN
2020,ARIZONA,AZ,4,86,61,US SENATE,statewide,gen,TRUE,MARTHA MCSALLY,REPUBLICAN,FALSE,total,1637661,3355307,FALSE,20210114,REPUBLICAN
2020,ARIZONA,AZ,4,86,61,US SENATE,statewide,gen,TRUE,JOHN SCHIESS,REPUBLICAN,TRUE,total,92,3355307,FALSE,20210114,REPUBLICAN
2020,ARIZONA,AZ,4,86,61,US SENATE,statewide,gen,TRUE,DEBBIE SIMMONS,REPUBLICAN,TRUE,total,98,3355307,FALSE,20210114,REPUBLICAN
2020,ARIZONA,AZ,4,86,61,US SENATE,statewide,gen,TRUE,"PATRICK ""PAT"" THOMAS",REPUBLICAN,TRUE,total,29,3355307,FALSE,20210114,REPUBLICAN
2020,ARIZONA,AZ,4,86,61,US SENATE,statewide,gen,TRUE,"MOHAMMAD ""MIKE OBAMA"" ARIF",DEMOCRAT,TRUE,total,68,3355307,FALSE,20210114,DEMOCRAT
2020,ARIZONA,AZ,4,86,61,US SENATE,statewide,gen,TRUE,PERRY KAPADIA,DEMOCRAT,TRUE,total,58,3355307,FALSE,20210114,DEMOCRAT
2020,ARIZONA,AZ,4,86,61,US SENATE,statewide,gen,TRUE,ADAM CHILTON,DEMOCRAT,TRUE,total,19,3355307,FALSE,20210114,DEMOCRAT
2020,ARIZONA,AZ,4,86,61,US SENATE,statewide,gen,TRUE,MARK KELLY,DEMOCRAT,FALSE,total,1716467,3355307,FALSE,20210114,DEMOCRAT
2020,ARIZONA,AZ,4,86,61,US SENATE,statewide,gen,TRUE,BUZZ STEWART,DEMOCRAT,TRUE,total,22,3355307,FALSE,20210114,DEMOCRAT
2020,ARIZONA,AZ,4,86,61,US SENATE,statewide,gen,TRUE,"MATTHEW ""DOC"" DORCHESTER",LIBERTARIAN,TRUE,total,379,3355307,FALSE,20210114,LIBERTARIAN
2020,ARIZONA,AZ,4,86,61,US SENATE,statewide,gen,TRUE,CHRISTOPHER BECKETT,INDEPENDENT,TRUE,total,59,3355307,FALSE,20210114,OTHER
2020,ARIZONA,AZ,4,86,61,US SENATE,statewide,gen,TRUE,"WILLIAM ""WILL"" DECKER",INDEPENDENT,TRUE,total,21,3355307,FALSE,20210114,OTHER
2020,ARIZONA,AZ,4,86,61,US SENATE,statewide,gen,TRUE,NICHOLAS N. GLENN,INDEPENDENT REPUBLICAN PARTY,TRUE,total,152,3355307,FALSE,20210114,OTHER
2020,ARIZONA,AZ,4,86,61,US SENATE,statewide,gen,TRUE,MATTHEW HAUPT,INDEPENDENT,TRUE,total,37,3355307,FALSE,20210114,OTHER
2020,ARIZONA,AZ,4,86,61,US SENATE,statewide,gen,TRUE,BENJAMIN RODRIGUEZ,INDEPENDENT,TRUE,total,17,3355307,FALSE,20210114,OTHER
2020,ARIZONA,AZ,4,86,61,US SENATE,statewide,gen,TRUE,JOSHUA RODRIGUEZ,UNITY PARTY,TRUE,total,69,3355307,FALSE,20210114,OTHER
2020,ARIZONA,AZ,4,86,61,US SENATE,statewide,gen,TRUE,FRANK SEENZ,INDEPENDENT,TRUE,total,8,3355307,FALSE,20210114,OTHER
2020,ARIZONA,AZ,4,86,61,US SENATE,statewide,gen,TRUE,JIM STEVENS,NON-AFFILIATED,TRUE,total,23,3355307,FALSE,20210114,OTHER
2020,ARKANSAS,AR,5,71,42,US SENATE,statewide,gen,FALSE,RICKY DALE HARRINGTON JR.,LIBERTARIAN,FALSE,total,399390,1193261,FALSE,20210114,LIBERTARIAN
2020,ARKANSAS,AR,5,71,42,US SENATE,statewide,gen,FALSE,TOM COTTON,REPUBLICAN,FALSE,total,793871,1193261,FALSE,20210114,REPUBLICAN
2020,COLORADO,CO,8,84,62,US SENATE,statewide,gen,FALSE,JOHN W. HICKENLOOPER,DEMOCRAT,FALSE,total,1731114,3235790,FALSE,20210114,DEMOCRAT
2020,COLORADO,CO,8,84,62,US SENATE,statewide,gen,FALSE,CORY GARDNER,REPUBLICAN,FALSE,total,1429492,3235790,FALSE,20210114,REPUBLICAN
2020,COLORADO,CO,8,84,62,US SENATE,statewide,gen,FALSE,DANIEL DOYLE,APPROVAL VOTING PARTY,FALSE,total,9820,3235790,FALSE,20210114,OTHER
2020,COLORADO,CO,8,84,62,US SENATE,statewide,gen,FALSE,"STEPHAN ""SEKU"" EVANS",UNITY PARTY,FALSE,total,8971,3235790,FALSE,20210114,OTHER
2020,COLORADO,CO,8,84,62,US SENATE,statewide,gen,FALSE,RAYMON ANTHONY DOANE,LIBERTARIAN,FALSE,total,56262,3235790,FALSE,20210114,LIBERTARIAN
2020,COLORADO,CO,8,84,62,US SENATE,statewide,gen,FALSE,DANNY SKELLY,UNAFFILIATED,FALSE,total,55,3235790,FALSE,20210114,OTHER
2020,COLORADO,CO,8,84,62,US SENATE,statewide,gen,FALSE,BRUCE LOHMILLER,GREEN,FALSE,total,71,3235790,FALSE,20210114,OTHER
2020,COLORADO,CO,8,84,62,US SENATE,statewide,gen,FALSE,MICHAEL SANCHEZ,UNAFFILIATED,FALSE,total,5,3235790,FALSE,20210114,OTHER
2020,DELAWARE,DE,10,51,11,US SENATE,statewide,gen,FALSE,CHRISTOPHER A. COONS,DEMOCRAT,FALSE,total,291804,490935,FALSE,20210114,DEMOCRAT
2020,DELAWARE,DE,10,51,11,US SENATE,statewide,gen,FALSE,LAUREN WITZKE,REPUBLICAN,FALSE,total,186054,490935,FALSE,20210114,REPUBLICAN
2020,DELAWARE,DE,10,51,11,US SENATE,statewide,gen,FALSE,MARK W. TURLEY,INDEPENDENT PARTY OF DELAWARE,FALSE,total,7833,490935,FALSE,20210114,OTHER
2020,DELAWARE,DE,10,51,11,US SENATE,statewide,gen,FALSE,NADINE M. FROST,LIBERTARIAN,FALSE,total,5244,490935,FALSE,20210114,LIBERTARIAN
2020,GEORGIA,GA,13,58,44,US SENATE,statewide,gen,FALSE,DAVID A. PERDUE,REPUBLICAN,FALSE,total,2462617,4952175,FALSE,20210114,REPUBLICAN
2020,GEORGIA,GA,13,58,44,US SENATE,statewide,gen,FALSE,JON OSSOFF,DEMOCRAT,FALSE,total,2374519,4952175,FALSE,20210114,DEMOCRAT
2020,GEORGIA,GA,13,58,44,US SENATE,statewide,gen,FALSE,SHANE HAZEL,LIBERTARIAN,FALSE,total,115039,4952175,FALSE,20210114,LIBERTARIAN
2020,GEORGIA,GA,13,58,44,US SENATE,statewide,gen,TRUE,AL BARTELL,INDEPENDENT,FALSE,total,14640,4914361,FALSE,20210114,OTHER
2020,GEORGIA,GA,13,58,44,US SENATE,statewide,gen,TRUE,ALLEN BUCKLEY,INDEPENDENT,FALSE,total,17954,4914361,FALSE,20210114,OTHER
2020,GEORGIA,GA,13,58,44,US SENATE,statewide,gen,TRUE,DOUG COLLINS,REPUBLICAN,FALSE,total,980454,4914361,FALSE,20210114,REPUBLICAN
2020,GEORGIA,GA,13,58,44,US SENATE,statewide,gen,TRUE,JOHN FORTUIN,GREEN,FALSE,total,15293,4914361,FALSE,20210114,OTHER
2020,GEORGIA,GA,13,58,44,US SENATE,statewide,gen,TRUE,DERRICK E. GRAYSON,REPUBLICAN,FALSE,total,51592,4914361,FALSE,20210114,REPUBLICAN
2020,GEORGIA,GA,13,58,44,US SENATE,statewide,gen,TRUE,MICHAEL TODD GREENE,INDEPENDENT,FALSE,total,13293,4914361,FALSE,20210114,OTHER
2020,GEORGIA,GA,13,58,44,US SENATE,statewide,gen,TRUE,ANNETTE DAVIS JACKSON,REPUBLICAN,FALSE,total,44335,4914361,FALSE,20210114,REPUBLICAN
2020,GEORGIA,GA,13,58,44,US SENATE,statewide,gen,TRUE,DEBORAH JACKSON,DEMOCRAT,FALSE,total,324118,4914361,FALSE,20210114,DEMOCRAT
2020,GEORGIA,GA,13,58,44,US SENATE,statewide,gen,TRUE,JAMESIA JAMES,DEMOCRAT,FALSE,total,94406,4914361,FALSE,20210114,DEMOCRAT
2020,GEORGIA,GA,13,58,44,US SENATE,statewide,gen,TRUE,A. WAYNE JOHNSON,REPUBLICAN,FALSE,total,36176,4914361,FALSE,20210114,REPUBLICAN
2020,GEORGIA,GA,13,58,44,US SENATE,statewide,gen,TRUE,TAMARA JOHNSON-SHEALEY,DEMOCRAT,FALSE,total,106767,4914361,FALSE,20210114,DEMOCRAT
2020,GEORGIA,GA,13,58,44,US SENATE,statewide,gen,TRUE,MATT LIEBERMAN,DEMOCRAT,FALSE,total,136021,4914361,FALSE,20210114,DEMOCRAT
2020,GEORGIA,GA,13,58,44,US SENATE,statewide,gen,TRUE,KELLY LOEFFLER,REPUBLICAN,FALSE,total,1273214,4914361,FALSE,20210114,REPUBLICAN
2020,GEORGIA,GA,13,58,44,US SENATE,statewide,gen,TRUE,JOY FELICIA SLADE,DEMOCRAT,FALSE,total,44945,4914361,FALSE,20210114,DEMOCRAT
2020,GEORGIA,GA,13,58,44,US SENATE,statewide,gen,TRUE,BRIAN SLOWINSKI,LIBERTARIAN,FALSE,total,35431,4914361,FALSE,20210114,LIBERTARIAN
2020,GEORGIA,GA,13,58,44,US SENATE,statewide,gen,TRUE,VALENCIA STOVALL,INDEPENDENT,FALSE,total,13318,4914361,FALSE,20210114,OTHER
2020,GEORGIA,GA,13,58,44,US SENATE,statewide,gen,TRUE,ED TARVER,DEMOCRAT,FALSE,total,26333,4914361,FALSE,20210114,DEMOCRAT
2020,GEORGIA,GA,13,58,44,US SENATE,statewide,gen,TRUE,KANDISS TAYLOR,REPUBLICAN,FALSE,total,40349,4914361,FALSE,20210114,REPUBLICAN
2020,GEORGIA,GA,13,58,44,US SENATE,statewide,gen,TRUE,RAPHAEL WARNOCK,DEMOCRAT,FALSE,total,1617035,4914361,FALSE,20210114,DEMOCRAT
2020,GEORGIA,GA,13,58,44,US SENATE,statewide,gen,TRUE,RICHARD DIEN WINFIELD,DEMOCRAT,FALSE,total,28687,4914361,FALSE,20210114,DEMOCRAT
2020,IDAHO,ID,16,82,63,US SENATE,statewide,gen,FALSE,NATALIE M FLEMING,INDEPENDENT,FALSE,total,25329,859827,FALSE,20210114,OTHER
2020,IDAHO,ID,16,82,63,US SENATE,statewide,gen,FALSE,PAULETTE JORDAN,DEMOCRAT,FALSE,total,285864,859827,FALSE,20210114,DEMOCRAT
2020,IDAHO,ID,16,82,63,US SENATE,statewide,gen,FALSE,JIM RISCH,REPUBLICAN,FALSE,total,538446,859827,FALSE,20210114,REPUBLICAN
2020,IDAHO,ID,16,82,63,US SENATE,statewide,gen,FALSE,RAY J. WRITZ,CONSTITUTION PARTY,FALSE,total,10188,859827,FALSE,20210114,OTHER
2020,ILLINOIS,IL,17,33,21,US SENATE,statewide,gen,FALSE,RICHARD J. DURBIN,DEMOCRAT,FALSE,total,3278930,5968901,FALSE,20210114,DEMOCRAT
2020,ILLINOIS,IL,17,33,21,US SENATE,statewide,gen,FALSE,MARK C. CURRAN JR.,REPUBLICAN,FALSE,total,2319870,5968901,FALSE,20210114,REPUBLICAN
2020,ILLINOIS,IL,17,33,21,US SENATE,statewide,gen,FALSE,WILLIE L. WILSON,WILLIE WILSON PARTY,FALSE,total,237699,5968901,FALSE,20210114,OTHER
2020,ILLINOIS,IL,17,33,21,US SENATE,statewide,gen,FALSE,DANNY MALOUF ,LIBERTARIAN,FALSE,total,75673,5968901,FALSE,20210114,LIBERTARIAN
2020,ILLINOIS,IL,17,33,21,US SENATE,statewide,gen,FALSE,DAVID F. BLACK,GREEN,FALSE,total,56711,5968901,FALSE,20210114,OTHER
2020,ILLINOIS,IL,17,33,21,US SENATE,statewide,gen,FALSE,KEVIN KEELY,,TRUE,total,10,5968901,FALSE,20210114,OTHER
2020,ILLINOIS,IL,17,33,21,US SENATE,statewide,gen,FALSE,LOWELL MARTIN SEIDA,,TRUE,total,6,5968901,FALSE,20210114,OTHER
2020,ILLINOIS,IL,17,33,21,US SENATE,statewide,gen,FALSE,ALBERT A. SCHAAL,,TRUE,total,2,5968901,FALSE,20210114,OTHER
2020,IOWA,IA,19,42,31,US SENATE,statewide,gen,FALSE,JONI ERNST,REPUBLICAN,FALSE,total,864997,1700130,FALSE,20210114,REPUBLICAN
2020,IOWA,IA,19,42,31,US SENATE,statewide,gen,FALSE,THERESA GREENFIELD,DEMOCRAT,FALSE,total,754859,1700130,FALSE,20210114,DEMOCRAT
2020,IOWA,IA,19,42,31,US SENATE,statewide,gen,FALSE,RICK STEWART,LIBERTARIAN,FALSE,total,36961,1700130,FALSE,20210114,LIBERTARIAN
2020,IOWA,IA,19,42,31,US SENATE,statewide,gen,FALSE,SUZANNE HERZOG,,FALSE,total,13800,1700130,FALSE,20210114,OTHER
2020,IOWA,IA,19,42,31,US SENATE,statewide,gen,FALSE,,,TRUE,total,1211,1700130,FALSE,20210114,OTHER
2020,IOWA,IA,19,42,31,US SENATE,statewide,gen,FALSE,UNDER VOTES,,FALSE,total,27438,1700130,FALSE,20210114,OTHER
2020,IOWA,IA,19,42,31,US SENATE,statewide,gen,FALSE,OVER VOTES,,FALSE,total,864,1700130,FALSE,20210114,OTHER
2020,KANSAS,KS,20,47,32,US SENATE,statewide,gen,FALSE,ROGER MARSHALL,REPUBLICAN,FALSE,total,727962,1367755,FALSE,20210114,REPUBLICAN
2020,KANSAS,KS,20,47,32,US SENATE,statewide,gen,FALSE,BARBARA BOLLIER,DEMOCRAT,FALSE,total,571530,1367755,FALSE,20210114,DEMOCRAT
2020,KANSAS,KS,20,47,32,US SENATE,statewide,gen,FALSE,JASON BUCKLEY,LIBERTARIAN,FALSE,total,68263,1367755,FALSE,20210114,LIBERTARIAN
2020,KENTUCKY,KY,21,61,51,US SENATE,statewide,gen,FALSE,MITCH MCCONNELL,REPUBLICAN,FALSE,total,1233315,2135057,FALSE,20210114,REPUBLICAN
2020,KENTUCKY,KY,21,61,51,US SENATE,statewide,gen,FALSE,AMY MCGRATH,DEMOCRAT,FALSE,total,816257,2135057,FALSE,20210114,DEMOCRAT
2020,KENTUCKY,KY,21,61,51,US SENATE,statewide,gen,FALSE,BRAD BARRON,LIBERTARIAN,FALSE,total,85386,2135057,FALSE,20210114,LIBERTARIAN
2020,KENTUCKY,KY,21,61,51,US SENATE,statewide,gen,FALSE,PAUL JOHN FRANGEDAKIS,,TRUE,total,70,2135057,FALSE,20210114,OTHER
2020,KENTUCKY,KY,21,61,51,US SENATE,statewide,gen,FALSE,DANIEL COBBLE,,TRUE,total,18,2135057,FALSE,20210114,OTHER
2020,KENTUCKY,KY,21,61,51,US SENATE,statewide,gen,FALSE,RANDALL LEE TEEGARGEN,,TRUE,total,9,2135057,FALSE,20210114,OTHER
2020,KENTUCKY,KY,21,61,51,US SENATE,statewide,gen,FALSE,DEMETRA WYSINGER,,TRUE,total,1,2135057,FALSE,20210114,OTHER
2020,KENTUCKY,KY,21,61,51,US SENATE,statewide,gen,FALSE,HAROLD H. FITZPATRICK,,TRUE,total,1,2135057,FALSE,20210114,OTHER
2020,LOUISIANA,LA,22,72,45,US SENATE,statewide,gen,FALSE,BERYL BILLIOT,UNAFFILIATED,FALSE,total,17362,2071543,FALSE,20210114,OTHER
2020,LOUISIANA,LA,22,72,45,US SENATE,statewide,gen,FALSE,JOHN PAUL BOURGEOIS,UNAFFILIATED,FALSE,total,16518,2071543,FALSE,20210114,OTHER
2020,LOUISIANA,LA,22,72,45,US SENATE,statewide,gen,FALSE,"""BILL"" CASSIDY",REPUBLICAN,FALSE,total,1228908,2071543,FALSE,20210114,REPUBLICAN
2020,LOUISIANA,LA,22,72,45,US SENATE,statewide,gen,FALSE,RENO JEAN DARET III,UNAFFILIATED,FALSE,total,3954,2071543,FALSE,20210114,OTHER
2020,LOUISIANA,LA,22,72,45,US SENATE,statewide,gen,FALSE,"DERRICK ""CHAMP"" EDWARDS",DEMOCRAT,FALSE,total,229814,2071543,FALSE,20210114,DEMOCRAT
2020,LOUISIANA,LA,22,72,45,US SENATE,statewide,gen,FALSE,"""XAN"" JOHN",OTHER,FALSE,total,2813,2071543,FALSE,20210114,OTHER
2020,LOUISIANA,LA,22,72,45,US SENATE,statewide,gen,FALSE,DAVID DREW KNIGHT,DEMOCRAT,FALSE,total,36962,2071543,FALSE,20210114,DEMOCRAT
2020,LOUISIANA,LA,22,72,45,US SENATE,statewide,gen,FALSE,"M.V. ""VINNY"" MENDOZA",INDEPENDENT,FALSE,total,7811,2071543,FALSE,20210114,OTHER
2020,LOUISIANA,LA,22,72,45,US SENATE,statewide,gen,FALSE,JAMAR MONTGOMERY,UNAFFILIATED,FALSE,total,5804,2071543,FALSE,20210114,OTHER
2020,LOUISIANA,LA,22,72,45,US SENATE,statewide,gen,FALSE,DUSTIN MURPHY,REPUBLICAN,FALSE,total,38383,2071543,FALSE,20210114,REPUBLICAN
2020,LOUISIANA,LA,22,72,45,US SENATE,statewide,gen,FALSE,ADRIAN PERKINS,DEMOCRAT,FALSE,total,394049,2071543,FALSE,20210114,DEMOCRAT
2020,LOUISIANA,LA,22,72,45,US SENATE,statewide,gen,FALSE,ANTOINE PIERCE,DEMOCRAT,FALSE,total,55710,2071543,FALSE,20210114,DEMOCRAT
2020,LOUISIANA,LA,22,72,45,US SENATE,statewide,gen,FALSE,MELINDA MARY PRICE,OTHER,FALSE,total,7680,2071543,FALSE,20210114,OTHER
2020,LOUISIANA,LA,22,72,45,US SENATE,statewide,gen,FALSE,AARON C. SIGLER,LIBERTARIAN,FALSE,total,11321,2071543,FALSE,20210114,LIBERTARIAN
2020,LOUISIANA,LA,22,72,45,US SENATE,statewide,gen,FALSE,PETER WENSTRUP,DEMOCRAT,FALSE,total,14454,2071543,FALSE,20210114,DEMOCRAT
2020,MAINE,ME,23,11,2,US SENATE,statewide,gen,FALSE,SUSAN MARGARET COLLINS,REPUBLICAN,FALSE,total,417645,828305,FALSE,20210114,REPUBLICAN
2020,MAINE,ME,23,11,2,US SENATE,statewide,gen,FALSE,SARA I. GIDEON,DEMOCRAT,FALSE,total,347223,828305,FALSE,20210114,DEMOCRAT
2020,MAINE,ME,23,11,2,US SENATE,statewide,gen,FALSE,MAX PATRICK LINN,INDEPENDENT,FALSE,total,13508,828305,FALSE,20210114,OTHER
2020,MAINE,ME,23,11,2,US SENATE,statewide,gen,FALSE,LISA SAVAGE,INDEPENDENT,FALSE,total,40579,828305,FALSE,20210114,OTHER
2020,MAINE,ME,23,11,2,US SENATE,statewide,gen,FALSE,,,TRUE,total,228,828305,FALSE,20210114,OTHER
2020,MAINE,ME,23,11,2,US SENATE,statewide,gen,FALSE,BLANK VOTES,,FALSE,total,9122,828305,FALSE,20210114,OTHER
2020,MASSACHUSETTS,MA,25,14,3,US SENATE,statewide,gen,FALSE,EDWARD J. MARKEY,DEMOCRAT,FALSE,total,2357809,3658005,FALSE,20210114,DEMOCRAT
2020,MASSACHUSETTS,MA,25,14,3,US SENATE,statewide,gen,FALSE,KEVIN J. O'CONNER,REPUBLICAN,FALSE,total,1177765,3658005,FALSE,20210114,REPUBLICAN
2020,MASSACHUSETTS,MA,25,14,3,US SENATE,statewide,gen,FALSE,SHIVA AYYADURAI,,FALSE,total,21134,3658005,FALSE,20210114,OTHER
2020,MASSACHUSETTS,MA,25,14,3,US SENATE,statewide,gen,FALSE,,,TRUE,total,7428,3658005,FALSE,20210114,OTHER
2020,MASSACHUSETTS,MA,25,14,3,US SENATE,statewide,gen,FALSE,BLANK VOTES,,FALSE,total,93869,3658005,FALSE,20210114,OTHER
2020,MICHIGAN,MI,26,34,23,US SENATE,statewide,gen,FALSE,GARY PETERS,DEMOCRAT,FALSE,total,2734568,5479720,FALSE,20210114,DEMOCRAT
2020,MICHIGAN,MI,26,34,23,US SENATE,statewide,gen,FALSE,JOHN JAMES,REPUBLICAN,FALSE,total,2642233,5479720,FALSE,20210114,REPUBLICAN
2020,MICHIGAN,MI,26,34,23,US SENATE,statewide,gen,FALSE,VALERIE L. WILLIS,US TAXPAYERS,FALSE,total,50597,5479720,FALSE,20210114,OTHER
2020,MICHIGAN,MI,26,34,23,US SENATE,statewide,gen,FALSE,MARCIA SQUIER,GREEN,FALSE,total,39217,5479720,FALSE,20210114,OTHER
2020,MICHIGAN,MI,26,34,23,US SENATE,statewide,gen,FALSE,DOUG DERN,NATURAL LAW,FALSE,total,13093,5479720,FALSE,20210114,OTHER
2020,MICHIGAN,MI,26,34,23,US SENATE,statewide,gen,FALSE,ROBERT WILLIAM CARR,,TRUE,total,5,5479720,FALSE,20210114,OTHER
2020,MICHIGAN,MI,26,34,23,US SENATE,statewide,gen,FALSE,LEONARD PAUL GADZINSKI,,TRUE,total,7,5479720,FALSE,20210114,OTHER
2020,MINNESOTA,MN,27,41,33,US SENATE,statewide,gen,FALSE,KEVIN O'CONNOR,LEGAL MARIJUANA NOW,FALSE,total,190154,3214256,FALSE,20210114,OTHER
2020,MINNESOTA,MN,27,41,33,US SENATE,statewide,gen,FALSE,OLIVER STEINBERG,GRASSROOTS,FALSE,total,57174,3214256,FALSE,20210114,OTHER
2020,MINNESOTA,MN,27,41,33,US SENATE,statewide,gen,FALSE,JASON LEWIS,REPUBLICAN,FALSE,total,1398145,3214256,FALSE,20210114,REPUBLICAN
2020,MINNESOTA,MN,27,41,33,US SENATE,statewide,gen,FALSE,TINA SMITH,DEMOCRAT,FALSE,total,1566522,3214256,FALSE,20210114,DEMOCRAT
2020,MINNESOTA,MN,27,41,33,US SENATE,statewide,gen,FALSE,,,TRUE,total,2261,3214256,FALSE,20210114,OTHER
2020,MISSISSIPPI,MS,28,64,46,US SENATE,statewide,gen,FALSE,MIKE ESPY,DEMOCRAT,FALSE,total,578691,1311354,FALSE,20210114,DEMOCRAT
2020,MISSISSIPPI,MS,28,64,46,US SENATE,statewide,gen,FALSE,CINDY HYDE-SMITH,REPUBLICAN,FALSE,total,709511,1311354,FALSE,20210114,REPUBLICAN
2020,MISSISSIPPI,MS,28,64,46,US SENATE,statewide,gen,FALSE,JIMMY L. EDWARDS,LIBERTARIAN,FALSE,total,23152,1311354,FALSE,20210114,LIBERTARIAN
2020,MONTANA,MT,30,81,64,US SENATE,statewide,gen,FALSE,STEVE BULLOCK,DEMOCRAT,FALSE,total,272463,605637,FALSE,20210114,DEMOCRAT
2020,MONTANA,MT,30,81,64,US SENATE,statewide,gen,FALSE,STEVE DAINES,REPUBLICAN,FALSE,total,333174,605637,FALSE,20210114,REPUBLICAN
2020,NEBRASKA,NE,31,46,35,US SENATE,statewide,gen,FALSE,BEN SASSE,REPUBLICAN,FALSE,total,583507,930012,FALSE,20210114,REPUBLICAN
2020,NEBRASKA,NE,31,46,35,US SENATE,statewide,gen,FALSE,CHRIS JANICEK,DEMOCRAT,FALSE,total,227191,930012,FALSE,20210114,DEMOCRAT
2020,NEBRASKA,NE,31,46,35,US SENATE,statewide,gen,FALSE,GENE SIADEK,LIBERTARIAN,FALSE,total,55115,930012,FALSE,20210114,LIBERTARIAN
2020,NEBRASKA,NE,31,46,35,US SENATE,statewide,gen,FALSE,PRESTON LOVE JR.,,TRUE,total,58411,930012,FALSE,20210114,OTHER
2020,NEBRASKA,NE,31,46,35,US SENATE,statewide,gen,FALSE,,,TRUE,total,5788,930012,FALSE,20210114,OTHER
2020,NEW HAMPSHIRE,NH,33,12,4,US SENATE,statewide,gen,FALSE,CORKY MESSNER,REPUBLICAN,FALSE,total,326229,795914,FALSE,20210114,REPUBLICAN
2020,NEW HAMPSHIRE,NH,33,12,4,US SENATE,statewide,gen,FALSE,JEANNE SHAHEEN,DEMOCRAT,FALSE,total,450778,795914,FALSE,20210114,DEMOCRAT
2020,NEW HAMPSHIRE,NH,33,12,4,US SENATE,statewide,gen,FALSE,JUSTIN O'DONNELL,LIBERTARIAN,FALSE,total,18421,795914,FALSE,20210114,LIBERTARIAN
2020,NEW HAMPSHIRE,NH,33,12,4,US SENATE,statewide,gen,FALSE,,,TRUE,total,486,795914,FALSE,20210114,OTHER
2020,NEW JERSEY,NJ,34,22,12,US SENATE,statewide,gen,FALSE,CORY BOOKER,DEMOCRAT,FALSE,total,2541178,4440440,FALSE,20210114,DEMOCRAT
2020,NEW JERSEY,NJ,34,22,12,US SENATE,statewide,gen,FALSE,"RIKIN ""RIK"" MEHTA",REPUBLICAN,FALSE,total,1817052,4440440,FALSE,20210114,REPUBLICAN
2020,NEW JERSEY,NJ,34,22,12,US SENATE,statewide,gen,FALSE,MADELYN R. HOFFMAN,GREEN,FALSE,total,38288,4440440,FALSE,20210114,OTHER
2020,NEW JERSEY,NJ,34,22,12,US SENATE,statewide,gen,FALSE,VERONICA FERNANDEZ,"OF, BY, FOR!",FALSE,total,32290,4440440,FALSE,20210114,OTHER
2020,NEW JERSEY,NJ,34,22,12,US SENATE,statewide,gen,FALSE,DANIEL BURKE,LAROUCHE WAS RIGHT,FALSE,total,11632,4440440,FALSE,20210114,OTHER
2020,NEW MEXICO,NM,35,85,66,US SENATE,statewide,gen,FALSE,BOB WALSH,LIBERTARIAN,FALSE,total,24271,917237,FALSE,20210114,LIBERTARIAN
2020,NEW MEXICO,NM,35,85,66,US SENATE,statewide,gen,FALSE,MARK V. RONCHETTI,REPUBLICAN,FALSE,total,418483,917237,FALSE,20210114,REPUBLICAN
2020,NEW MEXICO,NM,35,85,66,US SENATE,statewide,gen,FALSE,BEN R. LUJAN,DEMOCRAT,FALSE,total,474483,917237,FALSE,20210114,DEMOCRAT
2020,NORTH CAROLINA,NC,37,56,47,US SENATE,statewide,gen,FALSE,THOM TILLIS,REPUBLICAN,FALSE,total,2665598,5474952,FALSE,20210114,REPUBLICAN
2020,NORTH CAROLINA,NC,37,56,47,US SENATE,statewide,gen,FALSE,CAL CUNNINGHAM,DEMOCRAT,FALSE,total,2569965,5474952,FALSE,20210114,DEMOCRAT
2020,NORTH CAROLINA,NC,37,56,47,US SENATE,statewide,gen,FALSE,SHANNON W. BRAY,LIBERTARIAN,FALSE,total,171571,5474952,FALSE,20210114,LIBERTARIAN
2020,NORTH CAROLINA,NC,37,56,47,US SENATE,statewide,gen,FALSE,KEVIN E. HAYES,CONSTITUTION PARTY,FALSE,total,67818,5474952,FALSE,20210114,OTHER
2020,OKLAHOMA,OK,40,73,53,US SENATE,statewide,gen,FALSE,JIM INHOFE ,REPUBLICAN,FALSE,total,979140,1556361,FALSE,20210114,REPUBLICAN
2020,OKLAHOMA,OK,40,73,53,US SENATE,statewide,gen,FALSE,ROBERT MURPHY,LIBERTARIAN,FALSE,total,34435,1556361,FALSE,20210114,LIBERTARIAN
2020,OKLAHOMA,OK,40,73,53,US SENATE,statewide,gen,FALSE,ABBY BROYLES,DEMOCRAT,FALSE,total,509763,1556361,FALSE,20210114,DEMOCRAT
2020,OKLAHOMA,OK,40,73,53,US SENATE,statewide,gen,FALSE,JOAN FARR,INDEPENDENT,FALSE,total,21652,1556361,FALSE,20210114,OTHER
2020,OKLAHOMA,OK,40,73,53,US SENATE,statewide,gen,FALSE,A. D. NESBIT,INDEPENDENT,FALSE,total,11371,1556361,FALSE,20210114,OTHER
2020,OREGON,OR,41,92,72,US SENATE,statewide,gen,FALSE,JO RAE PERKINS,REPUBLICAN,FALSE,total,912814,2321249,FALSE,20210114,REPUBLICAN
2020,OREGON,OR,41,92,72,US SENATE,statewide,gen,FALSE,JEFF MERKLEY,DEMOCRAT,FALSE,total,1321047,2321249,FALSE,20210114,DEMOCRAT
2020,OREGON,OR,41,92,72,US SENATE,statewide,gen,FALSE,IBRAHIM A TAHER,PACIFIC GREEN,FALSE,total,42239,2321249,FALSE,20210114,OTHER
2020,OREGON,OR,41,92,72,US SENATE,statewide,gen,FALSE,GARY DYE,LIBERTARIAN,FALSE,total,42747,2321249,FALSE,20210114,LIBERTARIAN
2020,OREGON,OR,41,92,72,US SENATE,statewide,gen,FALSE,,,TRUE,total,2402,2321249,FALSE,20210114,OTHER
2020,RHODE ISLAND,RI,44,15,5,US SENATE,statewide,gen,FALSE,JOHN F. REED,DEMOCRAT,FALSE,total,328574,494262,FALSE,20210114,DEMOCRAT
2020,RHODE ISLAND,RI,44,15,5,US SENATE,statewide,gen,FALSE,ALLEN R. WATERS,REPUBLICAN,FALSE,total,164855,494262,FALSE,20210114,REPUBLICAN
2020,RHODE ISLAND,RI,44,15,5,US SENATE,statewide,gen,FALSE,,,TRUE,total,833,494262,FALSE,20210114,OTHER
2020,SOUTH CAROLINA,SC,45,57,48,US SENATE,statewide,gen,FALSE,BILL BLEDSOE,CONSTITUTION PARTY,FALSE,total,32845,2515104,FALSE,20210114,OTHER
2020,SOUTH CAROLINA,SC,45,57,48,US SENATE,statewide,gen,FALSE,LINDSEY GRAHAM,REPUBLICAN,FALSE,total,1369137,2515104,FALSE,20210114,REPUBLICAN
2020,SOUTH CAROLINA,SC,45,57,48,US SENATE,statewide,gen,FALSE,JAIME HARRISON,DEMOCRAT,FALSE,total,1110828,2515104,FALSE,20210114,DEMOCRAT
2020,SOUTH CAROLINA,SC,45,57,48,US SENATE,statewide,gen,FALSE,,,TRUE,total,2294,2515104,FALSE,20210114,OTHER
2020,SOUTH DAKOTA,SD,46,45,37,US SENATE,statewide,gen,FALSE,MIKE ROUNDS,REPUBLICAN,FALSE,total,276232,420219,TRUE,20210114,REPUBLICAN
2020,SOUTH DAKOTA,SD,46,45,37,US SENATE,statewide,gen,FALSE,DAN AHLERS,DEMOCRAT,FALSE,total,143987,420219,TRUE,20210114,DEMOCRAT
2020,TENNESSEE,TN,47,62,54,US SENATE,statewide,gen,FALSE,BILL HAGERTY,REPUBLICAN,FALSE,total,1840926,2959761,FALSE,20210114,REPUBLICAN
2020,TENNESSEE,TN,47,62,54,US SENATE,statewide,gen,FALSE,MARQUITA BRADSHAW,DEMOCRAT,FALSE,total,1040691,2959761,FALSE,20210114,DEMOCRAT
2020,TENNESSEE,TN,47,62,54,US SENATE,statewide,gen,FALSE,"YOMI ""FAPAS"" FAPARUSI SR.",INDEPENDENT,FALSE,total,10727,2959761,FALSE,20210114,OTHER
2020,TENNESSEE,TN,47,62,54,US SENATE,statewide,gen,FALSE,JEFFREY ALAN GRUNAU,INDEPENDENT,FALSE,total,4160,2959761,FALSE,20210114,OTHER
2020,TENNESSEE,TN,47,62,54,US SENATE,statewide,gen,FALSE,RONNIE HENLEY,INDEPENDENT,FALSE,total,8478,2959761,FALSE,20210114,OTHER
2020,TENNESSEE,TN,47,62,54,US SENATE,statewide,gen,FALSE,G. DEAN HILL,INDEPENDENT,FALSE,total,4872,2959761,FALSE,20210114,OTHER
2020,TENNESSEE,TN,47,62,54,US SENATE,statewide,gen,FALSE,STEVEN J. HOOPER,INDEPENDENT,FALSE,total,9609,2959761,FALSE,20210114,OTHER
2020,TENNESSEE,TN,47,62,54,US SENATE,statewide,gen,FALSE,AARON JAMES,INDEPENDENT,FALSE,total,7203,2959761,FALSE,20210114,OTHER
2020,TENNESSEE,TN,47,62,54,US SENATE,statewide,gen,FALSE,ELIZABETH MCLEOD,INDEPENDENT,FALSE,total,16652,2959761,FALSE,20210114,OTHER
2020,TENNESSEE,TN,47,62,54,US SENATE,statewide,gen,FALSE,KACEY MORGAN,INDEPENDENT,FALSE,total,9598,2959761,FALSE,20210114,OTHER
2020,TENNESSEE,TN,47,62,54,US SENATE,statewide,gen,FALSE,ERIC WILLIAM STANSBERRY,INDEPENDENT,FALSE,total,6781,2959761,FALSE,20210114,OTHER
2020,TENNESSEE,TN,47,62,54,US SENATE,statewide,gen,FALSE,JOHN A. GENTRY,,TRUE,total,64,2959761,FALSE,20210114,OTHER
2020,TEXAS,TX,48,74,49,US SENATE,statewide,gen,FALSE,JOHN CORNYN,REPUBLICAN,FALSE,total,5962983,11144040,FALSE,20210114,REPUBLICAN
2020,TEXAS,TX,48,74,49,US SENATE,statewide,gen,FALSE,"MARY ""MJ"" HEGAR",DEMOCRAT,FALSE,total,4888764,11144040,FALSE,20210114,DEMOCRAT
2020,TEXAS,TX,48,74,49,US SENATE,statewide,gen,FALSE,KERRY DOUGLAS MCKENNON,LIBERTARIAN,FALSE,total,209722,11144040,FALSE,20210114,LIBERTARIAN
2020,TEXAS,TX,48,74,49,US SENATE,statewide,gen,FALSE,DAVID B. COLLINS,GREEN,FALSE,total,81893,11144040,FALSE,20210114,OTHER
2020,TEXAS,TX,48,74,49,US SENATE,statewide,gen,FALSE,RICARDO TURULLOLS-BONILLA,,TRUE,total,678,11144040,FALSE,20210114,OTHER
2020,VIRGINIA,VA,51,54,40,US SENATE,statewide,gen,FALSE,MARK R. WARNER,DEMOCRAT,FALSE,total,2466500,4405087,FALSE,20210114,DEMOCRAT
2020,VIRGINIA,VA,51,54,40,US SENATE,statewide,gen,FALSE,DANIEL M. GADE,REPUBLICAN,FALSE,total,1934199,4405087,FALSE,20210114,REPUBLICAN
2020,VIRGINIA,VA,51,54,40,US SENATE,statewide,gen,FALSE,,,TRUE,total,4388,4405087,FALSE,20210114,OTHER
2020,WEST VIRGINIA,WV,54,55,56,US SENATE,statewide,gen,FALSE,SHELLEY MOORE CAPITO,REPUBLICAN,FALSE,total,547454,778918,FALSE,20210114,REPUBLICAN
2020,WEST VIRGINIA,WV,54,55,56,US SENATE,statewide,gen,FALSE,PAULA JEAN SWEARENGIN,DEMOCRAT,FALSE,total,210309,778918,FALSE,20210114,DEMOCRAT
2020,WEST VIRGINIA,WV,54,55,56,US SENATE,statewide,gen,FALSE,DAVID MORAN,LIBERTARIAN,FALSE,total,21155,778918,FALSE,20210114,LIBERTARIAN
2020,WYOMING,WY,56,83,68,US SENATE,statewide,gen,FALSE,CYNTHIA M. LUMMIS,REPUBLICAN,FALSE,total,198100,278503,FALSE,20210114,REPUBLICAN
2020,WYOMING,WY,56,83,68,US SENATE,statewide,gen,FALSE,MERAV BEN-DAVID,DEMOCRAT,FALSE,total,72766,278503,FALSE,20210114,DEMOCRAT
2020,WYOMING,WY,56,83,68,US SENATE,statewide,gen,FALSE,,,TRUE,total,1071,278503,FALSE,20210114,OTHER
2020,WYOMING,WY,56,83,68,US SENATE,statewide,gen,FALSE,OVER VOTES,,FALSE,total,165,278503,FALSE,20210114,OTHER
2020,WYOMING,WY,56,83,68,US SENATE,statewide,gen,FALSE,UNDER VOTES,,FALSE,total,6401,278503,FALSE,20210114,OTHER
2021,GEORGIA,GA,13,58,44,US SENATE,statewide,runoff,TRUE,KELLY LOEFFLER,REPUBLICAN,FALSE,total,2194848,4483294,TRUE,20210114,REPUBLICAN
2021,GEORGIA,GA,13,58,44,US SENATE,statewide,runoff,TRUE,RAPHAEL WARNOCK,DEMOCRAT,FALSE,total,2288446,4483294,TRUE,20210114,DEMOCRAT
2021,GEORGIA,GA,13,58,44,US SENATE,statewide,runoff,FALSE,DAVID A. PERDUE,REPUBLICAN,FALSE,total,2213979,4483241,TRUE,20210114,REPUBLICAN
2021,GEORGIA,GA,13,58,44,US SENATE,statewide,runoff,FALSE,JON OSSOFF,DEMOCRAT,FALSE,total,2269262,4483241,TRUE,20210114,DEMOCRAT